v1,v2
ham,Lunch at 2pm?
spam,Earn cash fast!!!
ham,I'll call you later
spam,Congratulations! You won a prize
ham,Are you available today?
spam,Win money now!!!
ham,Call me when you arrive
spam,URGENT! Verify your account
ham,Don't forget the meeting
spam,Exclusive deal just for you
ham,Can you send the file?
spam,Claim your free iPhone
ham,See you soon
spam,Congratulations! You won a prize
ham,See you soon
spam,Claim your free iPhone
ham,Thanks for your help
spam,Free entry in a contest
ham,See you soon
spam,Exclusive deal just for you
ham,I'll call you later
spam,Limited offer!!! Click now
ham,I'll call you later
spam,Exclusive deal just for you
ham,Thanks for your help
spam,Limited offer!!! Click now
ham,Let's meet tomorrow
spam,Win money now!!!
ham,Are you available today?
spam,Exclusive deal just for you
ham,Can you send the file?
spam,Congratulations! You won a prize
ham,Thanks for your help
spam,Earn cash fast!!!
ham,Call me when you arrive
spam,Earn cash fast!!!
ham,Thanks for your help
spam,You have been selected for a reward
ham,"Hey, how are you doing?"
spam,Claim your free iPhone
ham,Thanks for your help
spam,Claim your free iPhone
ham,I'll call you later
spam,You have been selected for a reward
ham,Thanks for your help
spam,Earn cash fast!!!
ham,I'll call you later
spam,Limited offer!!! Click now
ham,Are you available today?
spam,Exclusive deal just for you
ham,Lunch at 2pm?
spam,Win money now!!!
ham,I'll call you later
spam,Get rich quick scheme
ham,Thanks for your help
spam,Exclusive deal just for you
ham,I'll call you later
spam,Exclusive deal just for you
ham,Can you send the file?
spam,Get rich quick scheme
ham,Thanks for your help
spam,Get rich quick scheme
ham,Can you send the file?
spam,Limited offer!!! Click now
ham,Call me when you arrive
spam,Limited offer!!! Click now
ham,Thanks for your help
spam,Exclusive deal just for you
ham,Can you send the file?
spam,Get rich quick scheme
ham,See you soon
spam,Exclusive deal just for you
ham,I'll call you later
spam,Win money now!!!
ham,"Hey, how are you doing?"
spam,Win money now!!!
ham,Don't forget the meeting
spam,Win money now!!!
ham,I'll call you later
spam,You have been selected for a reward
ham,"Hey, how are you doing?"
spam,Earn cash fast!!!
ham,Can you send the file?
spam,Exclusive deal just for you
ham,Can you send the file?
spam,URGENT! Verify your account
ham,Don't forget the meeting
spam,URGENT! Verify your account
ham,Lunch at 2pm?
spam,Limited offer!!! Click now
ham,Let's meet tomorrow
spam,Earn cash fast!!!
ham,Are you available today?
spam,Free entry in a contest
ham,See you soon
spam,Limited offer!!! Click now
ham,I'll call you later
spam,Free entry in a contest
ham,"Hey, how are you doing?"
spam,Earn cash fast!!!
ham,Are you available today?
spam,Get rich quick scheme
ham,Let's meet tomorrow
spam,Limited offer!!! Click now
ham,See you soon
spam,You have been selected for a reward
ham,See you soon
spam,Claim your free iPhone
ham,Thanks for your help
spam,Earn cash fast!!!
ham,I'll call you later
spam,You have been selected for a reward
ham,Can you send the file?
spam,Exclusive deal just for you
ham,I'll call you later
spam,Earn cash fast!!!
ham,Can you send the file?
spam,Congratulations! You won a prize
ham,Lunch at 2pm?
spam,Get rich quick scheme
ham,Let's meet tomorrow
spam,Win money now!!!
ham,Thanks for your help
spam,Free entry in a contest
ham,Don't forget the meeting
spam,Congratulations! You won a prize
ham,Can you send the file?
spam,Win money now!!!
ham,Let's meet tomorrow
spam,Earn cash fast!!!
ham,I'll call you later
spam,Limited offer!!! Click now
ham,Don't forget the meeting
spam,Limited offer!!! Click now
ham,Can you send the file?
spam,Win money now!!!
ham,Lunch at 2pm?
spam,Congratulations! You won a prize
ham,"Hey, how are you doing?"
spam,Free entry in a contest
ham,Are you available today?
spam,Claim your free iPhone
ham,See you soon
spam,Exclusive deal just for you
ham,Lunch at 2pm?
spam,Earn cash fast!!!
ham,Can you send the file?
spam,You have been selected for a reward
ham,See you soon
spam,You have been selected for a reward
ham,Thanks for your help
spam,Earn cash fast!!!
ham,See you soon
spam,Exclusive deal just for you
ham,Don't forget the meeting
spam,Get rich quick scheme
ham,"Hey, how are you doing?"
spam,Limited offer!!! Click now
ham,Don't forget the meeting
spam,You have been selected for a reward
ham,Thanks for your help
spam,Earn cash fast!!!
ham,I'll call you later
spam,Get rich quick scheme
ham,"Hey, how are you doing?"
spam,Earn cash fast!!!
ham,Lunch at 2pm?
spam,Limited offer!!! Click now
ham,Lunch at 2pm?
spam,Limited offer!!! Click now
ham,Lunch at 2pm?
spam,Claim your free iPhone
ham,Lunch at 2pm?
spam,Earn cash fast!!!
ham,Let's meet tomorrow
spam,Win money now!!!
ham,Are you available today?
spam,Claim your free iPhone
ham,Let's meet tomorrow
spam,Win money now!!!
ham,I'll call you later
spam,URGENT! Verify your account
ham,Let's meet tomorrow
spam,You have been selected for a reward
ham,I'll call you later
spam,Free entry in a contest
ham,Call me when you arrive
spam,Claim your free iPhone
ham,Are you available today?
spam,URGENT! Verify your account
ham,Don't forget the meeting
spam,Limited offer!!! Click now
ham,I'll call you later
spam,Congratulations! You won a prize
ham,Are you available today?
spam,Earn cash fast!!!
ham,Lunch at 2pm?
spam,Free entry in a contest
ham,"Hey, how are you doing?"
spam,Claim your free iPhone
ham,Are you available today?
spam,Get rich quick scheme
ham,"Hey, how are you doing?"
spam,Earn cash fast!!!
ham,"Hey, how are you doing?"
spam,Exclusive deal just for you
ham,"Hey, how are you doing?"
spam,URGENT! Verify your account
ham,Let's meet tomorrow
spam,Claim your free iPhone
ham,Call me when you arrive
spam,Free entry in a contest
ham,Don't forget the meeting
spam,You have been selected for a reward
ham,I'll call you later
spam,Earn cash fast!!!
ham,Are you available today?
spam,Get rich quick scheme
ham,Are you available today?
spam,URGENT! Verify your account
ham,Call me when you arrive
spam,Limited offer!!! Click now
ham,Let's meet tomorrow
spam,Limited offer!!! Click now
ham,See you soon
spam,Exclusive deal just for you
ham,See you soon
spam,Earn cash fast!!!
ham,I'll call you later
spam,Free entry in a contest
ham,I'll call you later
spam,Get rich quick scheme
ham,Don't forget the meeting
spam,Free entry in a contest
ham,See you soon
spam,Get rich quick scheme
ham,Let's meet tomorrow
spam,Exclusive deal just for you
ham,Call me when you arrive
spam,Limited offer!!! Click now
ham,Call me when you arrive
spam,You have been selected for a reward
ham,Are you available today?
spam,Claim your free iPhone
ham,I'll call you later
spam,Congratulations! You won a prize
ham,Are you available today?
spam,You have been selected for a reward
ham,Are you available today?
spam,Win money now!!!
ham,Let's meet tomorrow
spam,Get rich quick scheme
ham,Let's meet tomorrow
spam,Congratulations! You won a prize
ham,Can you send the file?
spam,Earn cash fast!!!
ham,"Hey, how are you doing?"
spam,Win money now!!!
ham,I'll call you later
spam,Limited offer!!! Click now
ham,See you soon
spam,URGENT! Verify your account
ham,I'll call you later
spam,URGENT! Verify your account
ham,See you soon
spam,Earn cash fast!!!
ham,"Hey, how are you doing?"
spam,Exclusive deal just for you
ham,"Hey, how are you doing?"
spam,Earn cash fast!!!
ham,Don't forget the meeting
spam,Earn cash fast!!!
ham,Let's meet tomorrow
spam,Exclusive deal just for you
ham,Thanks for your help
spam,Win money now!!!
ham,Are you available today?
spam,Get rich quick scheme
ham,"Hey, how are you doing?"
spam,Congratulations! You won a prize
ham,Call me when you arrive
spam,URGENT! Verify your account
ham,Don't forget the meeting
spam,Win money now!!!
ham,Let's meet tomorrow
spam,You have been selected for a reward
ham,Don't forget the meeting
spam,You have been selected for a reward
ham,Lunch at 2pm?
spam,Earn cash fast!!!
ham,Call me when you arrive
spam,Win money now!!!
ham,Lunch at 2pm?
spam,URGENT! Verify your account
ham,Let's meet tomorrow
spam,You have been selected for a reward
ham,Lunch at 2pm?
spam,Earn cash fast!!!
ham,See you soon
spam,You have been selected for a reward
ham,Can you send the file?
spam,URGENT! Verify your account
ham,Call me when you arrive
spam,Claim your free iPhone
ham,See you soon
spam,Earn cash fast!!!
ham,Call me when you arrive
spam,URGENT! Verify your account
ham,See you soon
spam,Free entry in a contest
ham,Don't forget the meeting
spam,Get rich quick scheme
ham,Can you send the file?
spam,URGENT! Verify your account
ham,Thanks for your help
spam,Exclusive deal just for you
ham,Are you available today?
spam,Claim your free iPhone
ham,Call me when you arrive
spam,Exclusive deal just for you
ham,I'll call you later
spam,Win money now!!!
ham,Call me when you arrive
spam,You have been selected for a reward
ham,I'll call you later
spam,Exclusive deal just for you
ham,I'll call you later
spam,Free entry in a contest
ham,Don't forget the meeting
spam,Free entry in a contest
ham,See you soon
spam,Free entry in a contest
ham,Thanks for your help
spam,Exclusive deal just for you
ham,Lunch at 2pm?
spam,Limited offer!!! Click now
ham,See you soon
spam,Limited offer!!! Click now
ham,Lunch at 2pm?
spam,Win money now!!!
ham,Lunch at 2pm?
spam,Get rich quick scheme
ham,"Hey, how are you doing?"
spam,Claim your free iPhone
ham,See you soon
spam,Free entry in a contest
ham,"Hey, how are you doing?"
spam,Limited offer!!! Click now
ham,Thanks for your help
spam,Get rich quick scheme
ham,See you soon
spam,You have been selected for a reward
ham,"Hey, how are you doing?"
spam,Get rich quick scheme
ham,I'll call you later
spam,Congratulations! You won a prize
ham,See you soon
spam,Exclusive deal just for you
ham,See you soon
spam,URGENT! Verify your account
ham,Don't forget the meeting
spam,Get rich quick scheme
ham,Call me when you arrive
spam,Congratulations! You won a prize
ham,Lunch at 2pm?
spam,Congratulations! You won a prize
ham,Are you available today?
spam,Free entry in a contest
ham,Call me when you arrive
spam,Congratulations! You won a prize
ham,Don't forget the meeting
spam,Get rich quick scheme
ham,Are you available today?
spam,Congratulations! You won a prize
ham,Are you available today?
spam,Congratulations! You won a prize
ham,Call me when you arrive
spam,Exclusive deal just for you
ham,See you soon
spam,Limited offer!!! Click now
ham,Let's meet tomorrow
spam,Earn cash fast!!!
ham,See you soon
spam,Congratulations! You won a prize
ham,Can you send the file?
spam,Exclusive deal just for you
ham,I'll call you later
spam,Win money now!!!
ham,"Hey, how are you doing?"
spam,Limited offer!!! Click now
ham,I'll call you later
spam,Congratulations! You won a prize
ham,Lunch at 2pm?
spam,Free entry in a contest
ham,Don't forget the meeting
spam,Congratulations! You won a prize
ham,Don't forget the meeting
spam,Limited offer!!! Click now
ham,Are you available today?
spam,Exclusive deal just for you
ham,Call me when you arrive
spam,Limited offer!!! Click now
ham,"Hey, how are you doing?"
spam,Get rich quick scheme
ham,Lunch at 2pm?
spam,Free entry in a contest
ham,Can you send the file?
spam,Get rich quick scheme
ham,Let's meet tomorrow
spam,Claim your free iPhone
ham,Are you available today?
spam,Get rich quick scheme
ham,Don't forget the meeting
spam,Free entry in a contest
ham,I'll call you later
spam,Win money now!!!
ham,Can you send the file?
spam,Congratulations! You won a prize
ham,Call me when you arrive
spam,Limited offer!!! Click now
ham,Call me when you arrive
spam,Free entry in a contest
ham,"Hey, how are you doing?"
spam,You have been selected for a reward
ham,I'll call you later
spam,You have been selected for a reward
ham,Call me when you arrive
spam,Claim your free iPhone
ham,Let's meet tomorrow
spam,Win money now!!!
ham,Let's meet tomorrow
spam,Earn cash fast!!!
ham,I'll call you later
spam,Claim your free iPhone
ham,"Hey, how are you doing?"
spam,You have been selected for a reward
ham,Are you available today?
spam,Claim your free iPhone
ham,Are you available today?
spam,URGENT! Verify your account
ham,Lunch at 2pm?
spam,Limited offer!!! Click now
ham,Lunch at 2pm?
spam,URGENT! Verify your account
ham,I'll call you later
spam,Limited offer!!! Click now
ham,Don't forget the meeting
spam,Exclusive deal just for you
ham,Lunch at 2pm?
spam,Limited offer!!! Click now
ham,See you soon
spam,Exclusive deal just for you
ham,"Hey, how are you doing?"
spam,You have been selected for a reward
ham,Lunch at 2pm?
spam,Limited offer!!! Click now
ham,Can you send the file?
spam,Congratulations! You won a prize
ham,Are you available today?
spam,URGENT! Verify your account
ham,Let's meet tomorrow
spam,Free entry in a contest
ham,Call me when you arrive
spam,Limited offer!!! Click now
ham,Can you send the file?
spam,URGENT! Verify your account
ham,Thanks for your help
spam,Free entry in a contest
ham,Don't forget the meeting
spam,You have been selected for a reward
ham,Let's meet tomorrow
spam,URGENT! Verify your account
ham,I'll call you later
spam,Win money now!!!
ham,Are you available today?
spam,Congratulations! You won a prize
ham,Can you send the file?
spam,Win money now!!!
ham,Call me when you arrive
spam,Congratulations! You won a prize
ham,I'll call you later
spam,Congratulations! You won a prize
ham,Lunch at 2pm?
spam,Earn cash fast!!!
ham,"Hey, how are you doing?"
spam,You have been selected for a reward
ham,Let's meet tomorrow
spam,Get rich quick scheme
ham,See you soon
spam,Earn cash fast!!!
ham,Thanks for your help
spam,Congratulations! You won a prize
ham,Can you send the file?
spam,Get rich quick scheme
ham,Don't forget the meeting
spam,Get rich quick scheme
ham,Can you send the file?
spam,You have been selected for a reward
ham,Are you available today?
spam,Exclusive deal just for you
ham,Lunch at 2pm?
spam,Win money now!!!
ham,Are you available today?
spam,Limited offer!!! Click now
ham,See you soon
spam,Earn cash fast!!!
ham,See you soon
spam,Exclusive deal just for you
ham,Are you available today?
spam,Win money now!!!
ham,See you soon
spam,Claim your free iPhone
ham,Thanks for your help
spam,Free entry in a contest
ham,Can you send the file?
spam,URGENT! Verify your account
ham,Let's meet tomorrow
spam,Earn cash fast!!!
ham,"Hey, how are you doing?"
spam,You have been selected for a reward
ham,Lunch at 2pm?
spam,Earn cash fast!!!
ham,Call me when you arrive
spam,Claim your free iPhone
ham,Lunch at 2pm?
spam,You have been selected for a reward
ham,"Hey, how are you doing?"
spam,Claim your free iPhone
ham,Thanks for your help
spam,Get rich quick scheme
ham,Let's meet tomorrow
spam,You have been selected for a reward
ham,Can you send the file?
spam,URGENT! Verify your account
ham,Call me when you arrive
spam,Exclusive deal just for you
ham,See you soon
spam,Free entry in a contest
ham,I'll call you later
spam,Earn cash fast!!!
ham,Can you send the file?
spam,You have been selected for a reward
ham,Can you send the file?
spam,Claim your free iPhone
ham,I'll call you later
spam,Exclusive deal just for you
ham,I'll call you later
spam,Get rich quick scheme
ham,Call me when you arrive
spam,You have been selected for a reward
ham,Call me when you arrive
spam,You have been selected for a reward
ham,Let's meet tomorrow
spam,Win money now!!!
ham,Call me when you arrive
spam,Earn cash fast!!!
ham,"Hey, how are you doing?"
spam,Limited offer!!! Click now
ham,Lunch at 2pm?
spam,URGENT! Verify your account
ham,I'll call you later
spam,URGENT! Verify your account
ham,Don't forget the meeting
spam,Free entry in a contest
ham,Are you available today?
spam,URGENT! Verify your account
ham,Lunch at 2pm?
spam,Get rich quick scheme
ham,Let's meet tomorrow
spam,You have been selected for a reward
ham,I'll call you later
spam,Claim your free iPhone
ham,"Hey, how are you doing?"
spam,Earn cash fast!!!
ham,Lunch at 2pm?
spam,Get rich quick scheme
ham,Don't forget the meeting
spam,URGENT! Verify your account
ham,See you soon
spam,URGENT! Verify your account
ham,Call me when you arrive
spam,Exclusive deal just for you
ham,Can you send the file?
spam,Congratulations! You won a prize
ham,Call me when you arrive
spam,Free entry in a contest
ham,Let's meet tomorrow
spam,Exclusive deal just for you
ham,Call me when you arrive
spam,You have been selected for a reward
ham,"Hey, how are you doing?"
spam,Exclusive deal just for you
ham,Can you send the file?
spam,Exclusive deal just for you
ham,Are you available today?
spam,You have been selected for a reward
ham,Don't forget the meeting
spam,Limited offer!!! Click now
ham,"Hey, how are you doing?"
spam,URGENT! Verify your account
ham,Can you send the file?
spam,Exclusive deal just for you
ham,Are you available today?
spam,Limited offer!!! Click now
ham,See you soon
spam,Claim your free iPhone
ham,Call me when you arrive
spam,Win money now!!!
ham,Let's meet tomorrow
spam,Exclusive deal just for you
ham,Call me when you arrive
spam,Get rich quick scheme
ham,See you soon
spam,Claim your free iPhone
ham,Are you available today?
spam,Exclusive deal just for you
ham,Let's meet tomorrow
spam,Win money now!!!
ham,Are you available today?
spam,Exclusive deal just for you
ham,"Hey, how are you doing?"
spam,Get rich quick scheme
ham,I'll call you later
spam,Claim your free iPhone
ham,Let's meet tomorrow
spam,Get rich quick scheme
ham,Thanks for your help
spam,Exclusive deal just for you
ham,Can you send the file?
spam,Exclusive deal just for you
ham,Lunch at 2pm?
spam,Limited offer!!! Click now
ham,Don't forget the meeting
spam,Congratulations! You won a prize
ham,See you soon
spam,Claim your free iPhone
ham,Lunch at 2pm?
spam,You have been selected for a reward
ham,Thanks for your help
spam,Claim your free iPhone
ham,See you soon
spam,Claim your free iPhone
ham,Lunch at 2pm?
spam,You have been selected for a reward
ham,Are you available today?
spam,You have been selected for a reward
ham,Can you send the file?
spam,Claim your free iPhone
ham,Lunch at 2pm?
spam,URGENT! Verify your account
ham,I'll call you later
spam,Exclusive deal just for you
ham,"Hey, how are you doing?"
spam,Exclusive deal just for you
ham,Can you send the file?
spam,Win money now!!!
ham,Lunch at 2pm?
spam,Earn cash fast!!!
ham,Call me when you arrive
spam,URGENT! Verify your account
ham,Thanks for your help
spam,Get rich quick scheme
ham,I'll call you later
spam,Get rich quick scheme
ham,Can you send the file?
spam,Win money now!!!
ham,Lunch at 2pm?
spam,Free entry in a contest
ham,See you soon
spam,URGENT! Verify your account
ham,"Hey, how are you doing?"
spam,You have been selected for a reward
ham,Call me when you arrive
spam,Free entry in a contest
ham,Don't forget the meeting
spam,URGENT! Verify your account
ham,Are you available today?
spam,You have been selected for a reward
ham,See you soon
spam,URGENT! Verify your account
ham,Call me when you arrive
spam,Claim your free iPhone
ham,Call me when you arrive
spam,Get rich quick scheme
ham,See you soon
spam,Congratulations! You won a prize
ham,Call me when you arrive
spam,Get rich quick scheme
ham,Thanks for your help
spam,Win money now!!!
ham,Don't forget the meeting
spam,URGENT! Verify your account
ham,Can you send the file?
spam,Claim your free iPhone
ham,Lunch at 2pm?
spam,URGENT! Verify your account
ham,Lunch at 2pm?
spam,Exclusive deal just for you
ham,Can you send the file?
spam,Limited offer!!! Click now
ham,Are you available today?
spam,Free entry in a contest
ham,Can you send the file?
spam,Limited offer!!! Click now
ham,Don't forget the meeting
spam,Get rich quick scheme
ham,Can you send the file?
spam,Limited offer!!! Click now
ham,Don't forget the meeting
spam,Exclusive deal just for you
ham,Lunch at 2pm?
spam,Exclusive deal just for you
ham,Call me when you arrive
spam,You have been selected for a reward
ham,Thanks for your help
spam,URGENT! Verify your account
ham,Call me when you arrive
spam,Free entry in a contest
ham,Don't forget the meeting
spam,Exclusive deal just for you
ham,"Hey, how are you doing?"
spam,Earn cash fast!!!
ham,See you soon
spam,You have been selected for a reward
ham,Can you send the file?
spam,Exclusive deal just for you
ham,Let's meet tomorrow
spam,Limited offer!!! Click now
ham,Lunch at 2pm?
spam,Get rich quick scheme
ham,I'll call you later
spam,Win money now!!!
ham,I'll call you later
spam,Claim your free iPhone
ham,Call me when you arrive
spam,Claim your free iPhone
ham,Call me when you arrive
spam,URGENT! Verify your account
ham,Call me when you arrive
spam,Limited offer!!! Click now
ham,Lunch at 2pm?
spam,Limited offer!!! Click now
ham,Thanks for your help
spam,Get rich quick scheme
ham,See you soon
spam,Exclusive deal just for you
ham,Can you send the file?
spam,Claim your free iPhone
ham,Can you send the file?
spam,Limited offer!!! Click now
ham,I'll call you later
spam,Limited offer!!! Click now
ham,Call me when you arrive
spam,Get rich quick scheme
ham,Thanks for your help
spam,Free entry in a contest
ham,I'll call you later
spam,You have been selected for a reward
ham,Lunch at 2pm?
spam,URGENT! Verify your account
ham,Can you send the file?
spam,Exclusive deal just for you
ham,Thanks for your help
spam,Free entry in a contest
ham,Call me when you arrive
spam,Win money now!!!
ham,Lunch at 2pm?
spam,Free entry in a contest
ham,Let's meet tomorrow
spam,Claim your free iPhone
ham,Call me when you arrive
spam,You have been selected for a reward
ham,Are you available today?
spam,Claim your free iPhone
ham,Are you available today?
spam,URGENT! Verify your account
ham,Call me when you arrive
spam,Get rich quick scheme
ham,Can you send the file?
spam,Get rich quick scheme
ham,Thanks for your help
spam,Limited offer!!! Click now
ham,Don't forget the meeting
spam,Free entry in a contest
ham,Thanks for your help
spam,URGENT! Verify your account
ham,Let's meet tomorrow
spam,Free entry in a contest
ham,I'll call you later
spam,URGENT! Verify your account
ham,Lunch at 2pm?
spam,Claim your free iPhone
ham,Are you available today?
spam,Free entry in a contest
ham,I'll call you later
spam,Free entry in a contest
ham,"Hey, how are you doing?"
spam,You have been selected for a reward
ham,Don't forget the meeting
spam,Free entry in a contest
ham,"Hey, how are you doing?"
spam,Earn cash fast!!!
ham,See you soon
spam,Limited offer!!! Click now
ham,Let's meet tomorrow
spam,URGENT! Verify your account
ham,Can you send the file?
spam,URGENT! Verify your account
ham,Let's meet tomorrow
spam,Limited offer!!! Click now
ham,Thanks for your help
spam,Win money now!!!
ham,Thanks for your help
spam,Limited offer!!! Click now
ham,I'll call you later
spam,Limited offer!!! Click now
ham,I'll call you later
spam,Free entry in a contest
ham,Lunch at 2pm?
spam,Get rich quick scheme
ham,Can you send the file?
spam,Congratulations! You won a prize
ham,Let's meet tomorrow
spam,Exclusive deal just for you
ham,Don't forget the meeting
spam,Limited offer!!! Click now
ham,Can you send the file?
spam,Get rich quick scheme
ham,Are you available today?
spam,Win money now!!!
ham,See you soon
spam,Limited offer!!! Click now
ham,I'll call you later
spam,Win money now!!!
ham,Can you send the file?
spam,Claim your free iPhone
ham,Don't forget the meeting
spam,Win money now!!!
ham,Thanks for your help
spam,Get rich quick scheme
ham,Can you send the file?
spam,Get rich quick scheme
ham,Don't forget the meeting
spam,URGENT! Verify your account
ham,Let's meet tomorrow
spam,Congratulations! You won a prize
ham,Thanks for your help
spam,Congratulations! You won a prize
ham,Lunch at 2pm?
spam,Limited offer!!! Click now
ham,Lunch at 2pm?
spam,Congratulations! You won a prize
ham,Call me when you arrive
spam,Congratulations! You won a prize
ham,Lunch at 2pm?
spam,You have been selected for a reward
ham,I'll call you later
spam,Congratulations! You won a prize
ham,Lunch at 2pm?
spam,URGENT! Verify your account
ham,I'll call you later
spam,URGENT! Verify your account
ham,Lunch at 2pm?
spam,Free entry in a contest
ham,"Hey, how are you doing?"
spam,Limited offer!!! Click now
ham,I'll call you later
spam,Earn cash fast!!!
ham,Let's meet tomorrow
spam,Win money now!!!
ham,Don't forget the meeting
spam,Earn cash fast!!!
ham,Thanks for your help
spam,Congratulations! You won a prize
ham,Are you available today?
spam,URGENT! Verify your account
ham,"Hey, how are you doing?"
spam,Congratulations! You won a prize
ham,Let's meet tomorrow
spam,URGENT! Verify your account
ham,Thanks for your help
spam,Get rich quick scheme
ham,Are you available today?
spam,Get rich quick scheme
ham,Don't forget the meeting
spam,You have been selected for a reward
ham,Don't forget the meeting
spam,Limited offer!!! Click now
ham,"Hey, how are you doing?"
spam,Exclusive deal just for you
ham,Thanks for your help
spam,Win money now!!!
ham,I'll call you later
spam,Earn cash fast!!!
ham,"Hey, how are you doing?"
spam,Exclusive deal just for you
ham,Can you send the file?
spam,Claim your free iPhone
ham,Thanks for your help
spam,Earn cash fast!!!
ham,Lunch at 2pm?
spam,URGENT! Verify your account
ham,Don't forget the meeting
spam,Claim your free iPhone
ham,Call me when you arrive
spam,Get rich quick scheme
ham,Call me when you arrive
spam,Limited offer!!! Click now
ham,Don't forget the meeting
spam,Get rich quick scheme
ham,See you soon
spam,Exclusive deal just for you
ham,Lunch at 2pm?
spam,Exclusive deal just for you
ham,Are you available today?
spam,Earn cash fast!!!
ham,Lunch at 2pm?
spam,Exclusive deal just for you
ham,Don't forget the meeting
spam,Claim your free iPhone
ham,Thanks for your help
spam,Claim your free iPhone
ham,Are you available today?
spam,URGENT! Verify your account
ham,Don't forget the meeting
spam,Get rich quick scheme
ham,Can you send the file?
spam,Win money now!!!
ham,See you soon
spam,Win money now!!!
ham,I'll call you later
spam,Earn cash fast!!!
ham,I'll call you later
spam,You have been selected for a reward
ham,Don't forget the meeting
spam,URGENT! Verify your account
ham,Call me when you arrive
spam,Limited offer!!! Click now
ham,Are you available today?
spam,You have been selected for a reward
ham,"Hey, how are you doing?"
spam,URGENT! Verify your account
ham,See you soon
spam,Limited offer!!! Click now
ham,See you soon
spam,Earn cash fast!!!
ham,Are you available today?
spam,Get rich quick scheme
ham,I'll call you later
spam,You have been selected for a reward
ham,Let's meet tomorrow
spam,Free entry in a contest
ham,Can you send the file?
spam,Win money now!!!
ham,Let's meet tomorrow
spam,URGENT! Verify your account
ham,Let's meet tomorrow
spam,You have been selected for a reward
ham,See you soon
spam,Get rich quick scheme
ham,Let's meet tomorrow
spam,Claim your free iPhone
ham,Can you send the file?
spam,Claim your free iPhone
ham,Can you send the file?
spam,Congratulations! You won a prize
ham,Call me when you arrive
spam,Earn cash fast!!!
ham,I'll call you later
spam,You have been selected for a reward
ham,Call me when you arrive
spam,Get rich quick scheme
ham,Don't forget the meeting
spam,Earn cash fast!!!
ham,Let's meet tomorrow
spam,Congratulations! You won a prize
ham,I'll call you later
spam,Get rich quick scheme
ham,Thanks for your help
spam,You have been selected for a reward
ham,See you soon
spam,Limited offer!!! Click now
ham,"Hey, how are you doing?"
spam,Congratulations! You won a prize
ham,Thanks for your help
spam,Free entry in a contest
ham,Thanks for your help
spam,You have been selected for a reward
ham,Don't forget the meeting
spam,Limited offer!!! Click now
ham,Let's meet tomorrow
spam,Free entry in a contest
ham,"Hey, how are you doing?"
spam,Win money now!!!
ham,"Hey, how are you doing?"
spam,Free entry in a contest
ham,Can you send the file?
spam,You have been selected for a reward
ham,See you soon
spam,Earn cash fast!!!
ham,Are you available today?
spam,Get rich quick scheme
ham,See you soon
spam,Get rich quick scheme
ham,See you soon
spam,Limited offer!!! Click now
ham,Call me when you arrive
spam,Congratulations! You won a prize
ham,"Hey, how are you doing?"
spam,Exclusive deal just for you
ham,Are you available today?
spam,Congratulations! You won a prize
ham,Are you available today?
spam,Limited offer!!! Click now
ham,Don't forget the meeting
spam,Win money now!!!
ham,Let's meet tomorrow
spam,Exclusive deal just for you
ham,Don't forget the meeting
spam,Exclusive deal just for you
ham,Are you available today?
spam,Earn cash fast!!!
ham,Are you available today?
spam,Congratulations! You won a prize
ham,Call me when you arrive
spam,Get rich quick scheme
ham,Don't forget the meeting
spam,Exclusive deal just for you
ham,Are you available today?
spam,Earn cash fast!!!
ham,Let's meet tomorrow
spam,Claim your free iPhone
ham,Are you available today?
spam,URGENT! Verify your account
ham,Call me when you arrive
spam,Get rich quick scheme
ham,Call me when you arrive
spam,Limited offer!!! Click now
ham,"Hey, how are you doing?"
spam,You have been selected for a reward
ham,"Hey, how are you doing?"
spam,URGENT! Verify your account
ham,See you soon
spam,Congratulations! You won a prize
ham,Thanks for your help
spam,Limited offer!!! Click now
ham,Are you available today?
spam,Earn cash fast!!!
ham,Let's meet tomorrow
spam,Limited offer!!! Click now
ham,I'll call you later
spam,URGENT! Verify your account
ham,Can you send the file?
spam,Claim your free iPhone
ham,See you soon
spam,Earn cash fast!!!
ham,I'll call you later
spam,Claim your free iPhone
ham,Let's meet tomorrow
spam,Free entry in a contest
ham,"Hey, how are you doing?"
spam,You have been selected for a reward
ham,I'll call you later
spam,Win money now!!!
ham,Can you send the file?
spam,Exclusive deal just for you
ham,Let's meet tomorrow
spam,Claim your free iPhone
ham,Can you send the file?
spam,URGENT! Verify your account
ham,Don't forget the meeting
spam,Win money now!!!
ham,Can you send the file?
spam,You have been selected for a reward
ham,Are you available today?
spam,Free entry in a contest
ham,Don't forget the meeting
spam,Limited offer!!! Click now
ham,See you soon
spam,Earn cash fast!!!
ham,"Hey, how are you doing?"
spam,Congratulations! You won a prize
ham,Are you available today?
spam,Free entry in a contest
ham,"Hey, how are you doing?"
spam,Get rich quick scheme
ham,Let's meet tomorrow
spam,Win money now!!!
ham,Thanks for your help
spam,Congratulations! You won a prize
ham,Thanks for your help
spam,Limited offer!!! Click now
ham,Thanks for your help
spam,Congratulations! You won a prize
ham,I'll call you later
spam,Win money now!!!
ham,Can you send the file?
spam,Claim your free iPhone
ham,Thanks for your help
spam,Claim your free iPhone
ham,Thanks for your help
spam,Earn cash fast!!!
ham,Lunch at 2pm?
spam,Congratulations! You won a prize
ham,Are you available today?
spam,Claim your free iPhone
ham,Thanks for your help
spam,Earn cash fast!!!
ham,Let's meet tomorrow
spam,Win money now!!!
ham,I'll call you later
spam,Exclusive deal just for you
ham,I'll call you later
spam,Earn cash fast!!!
ham,Thanks for your help
spam,Congratulations! You won a prize
ham,I'll call you later
spam,Get rich quick scheme
ham,Let's meet tomorrow
spam,Congratulations! You won a prize
ham,Don't forget the meeting
spam,URGENT! Verify your account
ham,Lunch at 2pm?
spam,Get rich quick scheme
ham,Let's meet tomorrow
spam,Limited offer!!! Click now
ham,See you soon
spam,Claim your free iPhone
ham,Are you available today?
spam,Earn cash fast!!!
ham,"Hey, how are you doing?"
spam,Win money now!!!
ham,Can you send the file?
spam,Free entry in a contest
ham,Let's meet tomorrow
spam,Win money now!!!
ham,Lunch at 2pm?
spam,Win money now!!!
ham,Lunch at 2pm?
spam,Earn cash fast!!!
ham,Let's meet tomorrow
spam,Free entry in a contest
ham,Don't forget the meeting
spam,Congratulations! You won a prize
ham,Don't forget the meeting
spam,Earn cash fast!!!
ham,Lunch at 2pm?
spam,Free entry in a contest
ham,Thanks for your help
spam,Free entry in a contest
ham,Can you send the file?
spam,Exclusive deal just for you
ham,I'll call you later
spam,Win money now!!!
ham,Thanks for your help
spam,Free entry in a contest
ham,Call me when you arrive
spam,URGENT! Verify your account
ham,Call me when you arrive
spam,You have been selected for a reward
ham,See you soon
spam,Limited offer!!! Click now
ham,Are you available today?
spam,You have been selected for a reward
ham,See you soon
spam,Earn cash fast!!!
ham,Let's meet tomorrow
spam,Limited offer!!! Click now
ham,Don't forget the meeting
spam,Earn cash fast!!!
ham,Call me when you arrive
spam,Get rich quick scheme
ham,Can you send the file?
spam,Earn cash fast!!!
ham,Are you available today?
spam,Congratulations! You won a prize
ham,Call me when you arrive
spam,Limited offer!!! Click now
ham,Thanks for your help
spam,Earn cash fast!!!
ham,Thanks for your help
spam,Claim your free iPhone
ham,Don't forget the meeting
spam,Congratulations! You won a prize
ham,Are you available today?
spam,Get rich quick scheme
ham,Are you available today?
spam,Get rich quick scheme
ham,Call me when you arrive
spam,Limited offer!!! Click now
ham,Let's meet tomorrow
spam,URGENT! Verify your account
ham,Are you available today?
spam,Free entry in a contest
ham,See you soon
spam,Limited offer!!! Click now
ham,Let's meet tomorrow
spam,Exclusive deal just for you
ham,Thanks for your help
spam,Get rich quick scheme
ham,"Hey, how are you doing?"
spam,Earn cash fast!!!
ham,Don't forget the meeting
spam,Exclusive deal just for you
ham,I'll call you later
spam,Exclusive deal just for you
ham,"Hey, how are you doing?"
spam,Exclusive deal just for you
ham,Thanks for your help
spam,Limited offer!!! Click now
ham,"Hey, how are you doing?"
spam,Earn cash fast!!!
ham,"Hey, how are you doing?"
spam,Claim your free iPhone
ham,Can you send the file?
spam,Earn cash fast!!!
ham,Lunch at 2pm?
spam,URGENT! Verify your account
ham,Call me when you arrive
spam,Win money now!!!
ham,See you soon
spam,Claim your free iPhone
ham,Thanks for your help
spam,Free entry in a contest
ham,Are you available today?
spam,URGENT! Verify your account
ham,"Hey, how are you doing?"
spam,Earn cash fast!!!
ham,Lunch at 2pm?
spam,Limited offer!!! Click now
ham,Thanks for your help
spam,Claim your free iPhone
ham,Let's meet tomorrow
spam,URGENT! Verify your account
ham,Let's meet tomorrow
spam,Win money now!!!
ham,Can you send the file?
spam,Free entry in a contest
ham,Can you send the file?
spam,Earn cash fast!!!
ham,Let's meet tomorrow
spam,Win money now!!!
ham,"Hey, how are you doing?"
spam,You have been selected for a reward
ham,Thanks for your help
spam,Congratulations! You won a prize
ham,Are you available today?
spam,URGENT! Verify your account
ham,Call me when you arrive
spam,Claim your free iPhone
ham,I'll call you later
spam,Earn cash fast!!!
ham,Don't forget the meeting
spam,Claim your free iPhone
ham,Don't forget the meeting
spam,Earn cash fast!!!
ham,Lunch at 2pm?
spam,URGENT! Verify your account
ham,Call me when you arrive
spam,Claim your free iPhone
ham,Call me when you arrive
spam,You have been selected for a reward
ham,Don't forget the meeting
spam,Win money now!!!
ham,I'll call you later
spam,Win money now!!!
ham,Don't forget the meeting
spam,Congratulations! You won a prize
ham,Call me when you arrive
spam,Earn cash fast!!!
ham,Call me when you arrive
spam,Free entry in a contest
ham,"Hey, how are you doing?"
spam,Congratulations! You won a prize
ham,"Hey, how are you doing?"
spam,Congratulations! You won a prize
ham,I'll call you later
spam,Win money now!!!
ham,Lunch at 2pm?
spam,Earn cash fast!!!
ham,"Hey, how are you doing?"
spam,Congratulations! You won a prize
ham,See you soon
spam,Limited offer!!! Click now
ham,Are you available today?
spam,Free entry in a contest
ham,Don't forget the meeting
spam,Free entry in a contest
ham,Let's meet tomorrow
spam,Free entry in a contest
ham,Thanks for your help
spam,Congratulations! You won a prize
ham,Are you available today?
spam,You have been selected for a reward
ham,Can you send the file?
spam,Claim your free iPhone
ham,Lunch at 2pm?
spam,Free entry in a contest
ham,"Hey, how are you doing?"
spam,Get rich quick scheme
ham,Thanks for your help
spam,Earn cash fast!!!
ham,Can you send the file?
spam,Congratulations! You won a prize
ham,Thanks for your help
spam,Get rich quick scheme
ham,"Hey, how are you doing?"
spam,URGENT! Verify your account
ham,Thanks for your help
spam,Claim your free iPhone
ham,Are you available today?
spam,Claim your free iPhone
ham,Lunch at 2pm?
spam,You have been selected for a reward
ham,Let's meet tomorrow
spam,Exclusive deal just for you
ham,Are you available today?
spam,Exclusive deal just for you
ham,Don't forget the meeting
spam,Free entry in a contest
ham,Call me when you arrive
spam,Limited offer!!! Click now
ham,Can you send the file?
spam,Congratulations! You won a prize
ham,Thanks for your help
spam,Win money now!!!
ham,Let's meet tomorrow
spam,Earn cash fast!!!
ham,I'll call you later
spam,Win money now!!!
ham,Let's meet tomorrow
spam,URGENT! Verify your account
ham,See you soon
spam,Claim your free iPhone
ham,Lunch at 2pm?
spam,You have been selected for a reward
ham,Are you available today?
spam,Claim your free iPhone
ham,Don't forget the meeting
spam,You have been selected for a reward
ham,See you soon
spam,Limited offer!!! Click now
ham,See you soon
spam,Earn cash fast!!!
ham,See you soon
spam,You have been selected for a reward
ham,I'll call you later
spam,Get rich quick scheme
ham,Let's meet tomorrow
spam,Limited offer!!! Click now
ham,Let's meet tomorrow
spam,Claim your free iPhone
ham,Let's meet tomorrow
spam,Limited offer!!! Click now
ham,Can you send the file?
spam,URGENT! Verify your account
ham,Are you available today?
spam,Earn cash fast!!!
ham,See you soon
spam,Claim your free iPhone
ham,Thanks for your help
spam,Limited offer!!! Click now
ham,"Hey, how are you doing?"
spam,Exclusive deal just for you
ham,Call me when you arrive
spam,Limited offer!!! Click now
ham,Are you available today?
spam,Claim your free iPhone
ham,Don't forget the meeting
spam,Exclusive deal just for you
ham,Thanks for your help
spam,Limited offer!!! Click now
ham,Call me when you arrive
spam,URGENT! Verify your account
ham,Are you available today?
spam,Free entry in a contest
ham,Lunch at 2pm?
spam,Exclusive deal just for you
ham,Can you send the file?
spam,Earn cash fast!!!
ham,Can you send the file?
spam,Claim your free iPhone
ham,See you soon
spam,URGENT! Verify your account
ham,Don't forget the meeting
spam,Exclusive deal just for you
ham,See you soon
spam,Get rich quick scheme
ham,Can you send the file?
spam,You have been selected for a reward
ham,"Hey, how are you doing?"
spam,Congratulations! You won a prize
ham,Are you available today?
spam,Exclusive deal just for you
ham,"Hey, how are you doing?"
spam,URGENT! Verify your account
ham,Call me when you arrive
spam,Free entry in a contest
ham,"Hey, how are you doing?"
spam,Congratulations! You won a prize
ham,Call me when you arrive
spam,Limited offer!!! Click now
ham,Are you available today?
spam,Exclusive deal just for you
ham,I'll call you later
spam,Congratulations! You won a prize
ham,Let's meet tomorrow
spam,You have been selected for a reward
ham,Let's meet tomorrow
spam,Get rich quick scheme
ham,I'll call you later
spam,Win money now!!!
ham,Let's meet tomorrow
spam,Free entry in a contest
ham,Lunch at 2pm?
spam,Win money now!!!
ham,Are you available today?
spam,Limited offer!!! Click now
ham,Lunch at 2pm?
spam,Get rich quick scheme
ham,"Hey, how are you doing?"
spam,Free entry in a contest
ham,See you soon
spam,Claim your free iPhone
ham,Don't forget the meeting
spam,You have been selected for a reward
ham,Lunch at 2pm?
spam,Claim your free iPhone
ham,Call me when you arrive
spam,Win money now!!!
ham,Call me when you arrive
spam,You have been selected for a reward
ham,Thanks for your help
spam,URGENT! Verify your account
ham,Thanks for your help
spam,Limited offer!!! Click now
ham,I'll call you later
spam,URGENT! Verify your account
ham,Don't forget the meeting
spam,Congratulations! You won a prize
ham,Can you send the file?
spam,Limited offer!!! Click now
ham,Don't forget the meeting
spam,Claim your free iPhone
ham,Don't forget the meeting
spam,URGENT! Verify your account
ham,Don't forget the meeting
spam,Get rich quick scheme
ham,"Hey, how are you doing?"
spam,Earn cash fast!!!
ham,Let's meet tomorrow
spam,URGENT! Verify your account
ham,See you soon
spam,Congratulations! You won a prize
ham,Let's meet tomorrow
spam,URGENT! Verify your account
ham,See you soon
spam,Claim your free iPhone
ham,Are you available today?
spam,Claim your free iPhone
ham,Don't forget the meeting
spam,Limited offer!!! Click now
ham,"Hey, how are you doing?"
spam,Exclusive deal just for you
ham,Thanks for your help
spam,Win money now!!!
ham,Can you send the file?
spam,Exclusive deal just for you
ham,"Hey, how are you doing?"
spam,Free entry in a contest
ham,Let's meet tomorrow
spam,Claim your free iPhone
ham,Thanks for your help
spam,You have been selected for a reward
ham,Thanks for your help
spam,You have been selected for a reward
ham,Lunch at 2pm?
spam,Limited offer!!! Click now
ham,I'll call you later
spam,Get rich quick scheme
ham,Lunch at 2pm?
spam,Free entry in a contest
ham,See you soon
spam,Congratulations! You won a prize
ham,Can you send the file?
spam,You have been selected for a reward
ham,See you soon
spam,Free entry in a contest
ham,Are you available today?
spam,URGENT! Verify your account
ham,Call me when you arrive
spam,Congratulations! You won a prize
ham,Let's meet tomorrow
spam,You have been selected for a reward
ham,See you soon
spam,Claim your free iPhone
ham,I'll call you later
spam,Free entry in a contest
ham,See you soon
spam,Earn cash fast!!!
ham,See you soon
spam,Win money now!!!
ham,Thanks for your help
spam,Win money now!!!
ham,Lunch at 2pm?
spam,Earn cash fast!!!
ham,Don't forget the meeting
spam,Get rich quick scheme
ham,Are you available today?
spam,Earn cash fast!!!
ham,"Hey, how are you doing?"
spam,Congratulations! You won a prize
ham,"Hey, how are you doing?"
spam,Limited offer!!! Click now
ham,Thanks for your help
spam,You have been selected for a reward
ham,Lunch at 2pm?
spam,Win money now!!!
ham,Call me when you arrive
spam,You have been selected for a reward
ham,Can you send the file?
spam,Win money now!!!
ham,Don't forget the meeting
spam,Win money now!!!
ham,Call me when you arrive
spam,Congratulations! You won a prize
ham,Thanks for your help
spam,Limited offer!!! Click now
ham,Are you available today?
spam,Claim your free iPhone
ham,Don't forget the meeting
spam,URGENT! Verify your account
ham,Call me when you arrive
spam,URGENT! Verify your account
ham,Lunch at 2pm?
spam,Free entry in a contest
ham,"Hey, how are you doing?"
spam,URGENT! Verify your account
ham,Can you send the file?
spam,URGENT! Verify your account
ham,"Hey, how are you doing?"
spam,You have been selected for a reward
ham,Lunch at 2pm?
spam,You have been selected for a reward
ham,I'll call you later
spam,URGENT! Verify your account
ham,I'll call you later
spam,Claim your free iPhone
ham,Can you send the file?
spam,Free entry in a contest
ham,Don't forget the meeting
spam,URGENT! Verify your account
ham,"Hey, how are you doing?"
spam,Claim your free iPhone
ham,I'll call you later
spam,Get rich quick scheme
ham,Can you send the file?
spam,Free entry in a contest
ham,Let's meet tomorrow
spam,Limited offer!!! Click now
ham,Call me when you arrive
spam,Earn cash fast!!!
ham,Can you send the file?
spam,Get rich quick scheme
ham,Don't forget the meeting
spam,Get rich quick scheme
ham,Let's meet tomorrow
spam,Exclusive deal just for you
ham,Lunch at 2pm?
spam,Claim your free iPhone
ham,Lunch at 2pm?
spam,You have been selected for a reward
ham,"Hey, how are you doing?"
spam,URGENT! Verify your account
ham,Can you send the file?
spam,Congratulations! You won a prize
ham,Thanks for your help
spam,Earn cash fast!!!
ham,Don't forget the meeting
spam,URGENT! Verify your account
ham,See you soon
spam,Claim your free iPhone
ham,Are you available today?
spam,Limited offer!!! Click now
ham,I'll call you later
spam,Win money now!!!
ham,Don't forget the meeting
spam,URGENT! Verify your account
ham,"Hey, how are you doing?"
spam,Get rich quick scheme
ham,Call me when you arrive
spam,Earn cash fast!!!
ham,I'll call you later
spam,Earn cash fast!!!
ham,Let's meet tomorrow
spam,Congratulations! You won a prize
ham,I'll call you later
spam,Free entry in a contest
ham,Are you available today?
spam,Free entry in a contest
ham,Call me when you arrive
spam,You have been selected for a reward
ham,I'll call you later
spam,Free entry in a contest
ham,See you soon
spam,Earn cash fast!!!
ham,Don't forget the meeting
spam,You have been selected for a reward
ham,Call me when you arrive
spam,Earn cash fast!!!
ham,See you soon
spam,URGENT! Verify your account
ham,Call me when you arrive
spam,Exclusive deal just for you
ham,I'll call you later
spam,Exclusive deal just for you
ham,Call me when you arrive
spam,Free entry in a contest
ham,See you soon
spam,Earn cash fast!!!
ham,"Hey, how are you doing?"
spam,Congratulations! You won a prize
ham,Don't forget the meeting
spam,URGENT! Verify your account
ham,Thanks for your help
spam,Get rich quick scheme
ham,Are you available today?
spam,Congratulations! You won a prize
ham,Can you send the file?
spam,Win money now!!!
ham,Thanks for your help
spam,You have been selected for a reward
ham,Call me when you arrive
spam,Win money now!!!
ham,Don't forget the meeting
spam,Congratulations! You won a prize
ham,Thanks for your help
spam,Exclusive deal just for you
ham,Don't forget the meeting
spam,Limited offer!!! Click now
ham,"Hey, how are you doing?"
spam,Earn cash fast!!!
ham,Thanks for your help
spam,Limited offer!!! Click now
ham,Lunch at 2pm?
spam,Limited offer!!! Click now
ham,Can you send the file?
spam,Limited offer!!! Click now
ham,Let's meet tomorrow
spam,Congratulations! You won a prize
ham,Are you available today?
spam,Congratulations! You won a prize
ham,Let's meet tomorrow
spam,Free entry in a contest
ham,"Hey, how are you doing?"
spam,Get rich quick scheme
ham,Call me when you arrive
spam,Get rich quick scheme
ham,Don't forget the meeting
spam,Claim your free iPhone
ham,See you soon
spam,Claim your free iPhone
ham,Can you send the file?
spam,URGENT! Verify your account
ham,Call me when you arrive
spam,Congratulations! You won a prize
ham,I'll call you later
spam,You have been selected for a reward
ham,Thanks for your help
spam,Limited offer!!! Click now
ham,Don't forget the meeting
spam,Exclusive deal just for you
ham,Don't forget the meeting
spam,Free entry in a contest
ham,Are you available today?
spam,You have been selected for a reward
ham,See you soon
spam,Exclusive deal just for you
ham,I'll call you later
spam,Get rich quick scheme
ham,See you soon
spam,Congratulations! You won a prize
ham,Lunch at 2pm?
spam,Free entry in a contest
ham,See you soon
spam,Limited offer!!! Click now
ham,Don't forget the meeting
spam,Win money now!!!
ham,"Hey, how are you doing?"
spam,You have been selected for a reward
ham,See you soon
spam,Win money now!!!
ham,Are you available today?
spam,URGENT! Verify your account
ham,Lunch at 2pm?
spam,Limited offer!!! Click now
ham,Don't forget the meeting
spam,Exclusive deal just for you
ham,Can you send the file?
spam,Congratulations! You won a prize
ham,See you soon
spam,URGENT! Verify your account
ham,Are you available today?
spam,Get rich quick scheme
ham,Thanks for your help
spam,Exclusive deal just for you
ham,I'll call you later
spam,Get rich quick scheme
ham,Don't forget the meeting
spam,Free entry in a contest
ham,Lunch at 2pm?
spam,Win money now!!!
ham,See you soon
spam,Claim your free iPhone
ham,Call me when you arrive
spam,Earn cash fast!!!
ham,"Hey, how are you doing?"
spam,Earn cash fast!!!
ham,Are you available today?
spam,Earn cash fast!!!
ham,Don't forget the meeting
spam,Earn cash fast!!!
ham,"Hey, how are you doing?"
spam,Win money now!!!
ham,See you soon
spam,Win money now!!!
ham,Thanks for your help
spam,Win money now!!!
ham,Are you available today?
spam,Congratulations! You won a prize
ham,"Hey, how are you doing?"
spam,Limited offer!!! Click now
ham,"Hey, how are you doing?"
spam,Claim your free iPhone
ham,Can you send the file?
spam,Claim your free iPhone
ham,I'll call you later
spam,URGENT! Verify your account
ham,I'll call you later
spam,Earn cash fast!!!
ham,Let's meet tomorrow
spam,Congratulations! You won a prize
ham,Lunch at 2pm?
spam,URGENT! Verify your account
ham,I'll call you later
spam,Get rich quick scheme
ham,Thanks for your help
spam,Win money now!!!
ham,"Hey, how are you doing?"
spam,Limited offer!!! Click now
ham,I'll call you later
spam,Get rich quick scheme
ham,Are you available today?
spam,Free entry in a contest
ham,Let's meet tomorrow
spam,Free entry in a contest
ham,I'll call you later
spam,Get rich quick scheme
ham,Let's meet tomorrow
spam,Free entry in a contest
ham,Can you send the file?
spam,Claim your free iPhone
ham,"Hey, how are you doing?"
spam,Win money now!!!
ham,I'll call you later
spam,Claim your free iPhone
ham,I'll call you later
spam,Congratulations! You won a prize
ham,Lunch at 2pm?
spam,Get rich quick scheme
ham,Are you available today?
spam,Claim your free iPhone
ham,Can you send the file?
spam,URGENT! Verify your account
ham,Call me when you arrive
spam,Limited offer!!! Click now
ham,Let's meet tomorrow
spam,Win money now!!!
ham,I'll call you later
spam,You have been selected for a reward
ham,See you soon
spam,Free entry in a contest
ham,Thanks for your help
spam,Exclusive deal just for you
ham,Can you send the file?
spam,Congratulations! You won a prize
ham,Let's meet tomorrow
spam,Congratulations! You won a prize
ham,I'll call you later
spam,Limited offer!!! Click now
ham,Can you send the file?
spam,Exclusive deal just for you
ham,Let's meet tomorrow
spam,Earn cash fast!!!
ham,Don't forget the meeting
spam,Get rich quick scheme
ham,"Hey, how are you doing?"
spam,Earn cash fast!!!
ham,Let's meet tomorrow
spam,URGENT! Verify your account
ham,Call me when you arrive
spam,You have been selected for a reward
ham,Can you send the file?
spam,URGENT! Verify your account
ham,I'll call you later
spam,Free entry in a contest
ham,See you soon
spam,Win money now!!!
ham,Don't forget the meeting
spam,Claim your free iPhone
ham,Thanks for your help
spam,Congratulations! You won a prize
ham,See you soon
spam,Exclusive deal just for you
ham,Can you send the file?
spam,Free entry in a contest
ham,Let's meet tomorrow
spam,Earn cash fast!!!
ham,Can you send the file?
spam,Free entry in a contest
ham,Can you send the file?
spam,URGENT! Verify your account
ham,Thanks for your help
spam,Free entry in a contest
ham,Can you send the file?
spam,You have been selected for a reward
ham,"Hey, how are you doing?"
spam,Win money now!!!
ham,Let's meet tomorrow
spam,Exclusive deal just for you
ham,Lunch at 2pm?
spam,Congratulations! You won a prize
ham,Call me when you arrive
spam,You have been selected for a reward
ham,Don't forget the meeting
spam,You have been selected for a reward
ham,"Hey, how are you doing?"
spam,Limited offer!!! Click now
ham,"Hey, how are you doing?"
spam,Congratulations! You won a prize
ham,See you soon
spam,Exclusive deal just for you
ham,Let's meet tomorrow
spam,Limited offer!!! Click now
ham,Can you send the file?
spam,Free entry in a contest
ham,Call me when you arrive
spam,URGENT! Verify your account
ham,"Hey, how are you doing?"
spam,Earn cash fast!!!
ham,"Hey, how are you doing?"
spam,URGENT! Verify your account
ham,I'll call you later
spam,Free entry in a contest
ham,See you soon
spam,Exclusive deal just for you
ham,I'll call you later
spam,Limited offer!!! Click now
ham,Thanks for your help
spam,Win money now!!!
ham,"Hey, how are you doing?"
spam,URGENT! Verify your account
ham,Can you send the file?
spam,URGENT! Verify your account
ham,Call me when you arrive
spam,Free entry in a contest
ham,Call me when you arrive
spam,Get rich quick scheme
ham,Call me when you arrive
spam,URGENT! Verify your account
ham,Don't forget the meeting
spam,Earn cash fast!!!
ham,See you soon
spam,Limited offer!!! Click now
ham,Let's meet tomorrow
spam,URGENT! Verify your account
ham,Lunch at 2pm?
spam,Congratulations! You won a prize
ham,Don't forget the meeting
spam,URGENT! Verify your account
ham,I'll call you later
spam,Exclusive deal just for you
ham,I'll call you later
spam,Free entry in a contest
ham,Can you send the file?
spam,Exclusive deal just for you
ham,I'll call you later
spam,Earn cash fast!!!
ham,Can you send the file?
spam,You have been selected for a reward
ham,Can you send the file?
spam,Earn cash fast!!!
ham,See you soon
spam,You have been selected for a reward
ham,See you soon
spam,URGENT! Verify your account
ham,Can you send the file?
spam,Claim your free iPhone
ham,See you soon
spam,Earn cash fast!!!
ham,I'll call you later
spam,Win money now!!!
ham,Can you send the file?
spam,Exclusive deal just for you
ham,See you soon
spam,Congratulations! You won a prize
ham,Can you send the file?
spam,Congratulations! You won a prize
ham,Don't forget the meeting
spam,You have been selected for a reward
ham,I'll call you later
spam,You have been selected for a reward
ham,Thanks for your help
spam,Claim your free iPhone
ham,See you soon
spam,URGENT! Verify your account
ham,Lunch at 2pm?
spam,Win money now!!!
ham,Are you available today?
spam,Get rich quick scheme
ham,Lunch at 2pm?
spam,Get rich quick scheme
ham,See you soon
spam,Win money now!!!
ham,Let's meet tomorrow
spam,URGENT! Verify your account
ham,Can you send the file?
spam,You have been selected for a reward
ham,Let's meet tomorrow
spam,Limited offer!!! Click now
ham,Don't forget the meeting
spam,Exclusive deal just for you
ham,I'll call you later
spam,Free entry in a contest
ham,Call me when you arrive
spam,Limited offer!!! Click now
ham,Thanks for your help
spam,Free entry in a contest
ham,Lunch at 2pm?
spam,You have been selected for a reward
ham,Lunch at 2pm?
spam,Limited offer!!! Click now
ham,"Hey, how are you doing?"
spam,Congratulations! You won a prize
ham,Lunch at 2pm?
spam,URGENT! Verify your account
ham,Don't forget the meeting
spam,Win money now!!!
ham,I'll call you later
spam,Free entry in a contest
ham,Call me when you arrive
spam,Earn cash fast!!!
ham,Call me when you arrive
spam,URGENT! Verify your account
ham,"Hey, how are you doing?"
spam,Free entry in a contest
ham,Thanks for your help
spam,Congratulations! You won a prize
ham,Call me when you arrive
spam,Congratulations! You won a prize
ham,See you soon
spam,Claim your free iPhone
ham,Can you send the file?
spam,Earn cash fast!!!
ham,See you soon
spam,Congratulations! You won a prize
ham,Let's meet tomorrow
spam,Win money now!!!
ham,Are you available today?
spam,URGENT! Verify your account
ham,I'll call you later
spam,Limited offer!!! Click now
ham,Can you send the file?
spam,Free entry in a contest
ham,Let's meet tomorrow
spam,You have been selected for a reward
ham,"Hey, how are you doing?"
spam,Claim your free iPhone
ham,Thanks for your help
spam,Get rich quick scheme
ham,Let's meet tomorrow
spam,Exclusive deal just for you
ham,Don't forget the meeting
spam,Win money now!!!
ham,Can you send the file?
spam,URGENT! Verify your account
ham,I'll call you later
spam,URGENT! Verify your account
ham,I'll call you later
spam,Get rich quick scheme
ham,Don't forget the meeting
spam,Exclusive deal just for you
ham,Lunch at 2pm?
spam,Limited offer!!! Click now
ham,I'll call you later
spam,Win money now!!!
ham,Don't forget the meeting
spam,Win money now!!!
ham,Let's meet tomorrow
spam,Get rich quick scheme
