title,genre,overview
Mystic River 0,Fantasy,A hero rises to save the world from destruction.
Broken Empire 1,Romance,A love story tested by impossible circumstances.
Mystic River 2,Action,A mysterious stranger changes everything.
Urban Legends 3,Adventure,A love story tested by impossible circumstances.
Last Survivor 4,Animation,A secret organization controls world events.
Hidden Truth 5,Sci-Fi,A secret organization controls world events.
Emerald Skies 6,Animation,A hero rises to save the world from destruction.
Quantum Rift 7,Action,A team travels through space on a risky mission.
Cosmic Voyage 8,Family,A hero rises to save the world from destruction.
Mystic River 9,Mystery,A young hero discovers hidden powers.
Eternal Night 10,Thriller,A team travels through space on a risky mission.
Frozen Legacy 11,Romance,A love story tested by impossible circumstances.
Silent Warrior 12,Family,A secret organization controls world events.
Secret Alliance 13,Adventure,A group of explorers travel into unknown territory.
Cosmic Voyage 14,Drama,A battle between powerful kingdoms begins.
Neon City 15,Mystery,A love story tested by impossible circumstances.
Last Survivor 16,Fantasy,A team travels through space on a risky mission.
Last Survivor 17,Adventure,A detective uncovers a dangerous conspiracy.
Broken Empire 18,Family,A battle between powerful kingdoms begins.
Galactic Run 19,Thriller,A young hero discovers hidden powers.
Urban Legends 20,Fantasy,A battle between powerful kingdoms begins.
Phantom Code 21,Comedy,A city faces a growing threat from within.
Cosmic Voyage 22,Fantasy,A young hero discovers hidden powers.
Urban Legends 23,Adventure,A scientist discovers a dangerous technology.
Cosmic Voyage 24,Romance,A secret organization controls world events.
Galactic Run 25,Romance,A battle between powerful kingdoms begins.
Iron Guardian 26,Romance,A young hero discovers hidden powers.
Crimson War 27,Adventure,A warrior fights to protect his homeland.
Cosmic Voyage 28,Family,A scientist discovers a dangerous technology.
Iron Guardian 29,Drama,A hero rises to save the world from destruction.
Urban Legends 30,Family,A battle between powerful kingdoms begins.
Iron Guardian 31,Thriller,A young hero discovers hidden powers.
Galactic Run 32,Fantasy,A group of explorers travel into unknown territory.
Silent Warrior 33,Thriller,A detective uncovers a dangerous conspiracy.
Hidden Truth 34,Comedy,A team travels through space on a risky mission.
Neon City 35,Crime,A city faces a growing threat from within.
Final Protocol 36,Family,A scientist discovers a dangerous technology.
Crimson War 37,Thriller,A hero rises to save the world from destruction.
Solar Mission 38,Drama,A secret organization controls world events.
Infinite Storm 39,Sci-Fi,A battle between powerful kingdoms begins.
Lost Kingdom 40,Adventure,A secret organization controls world events.
Final Protocol 41,Drama,A mysterious stranger changes everything.
Crimson War 42,Mystery,A secret organization controls world events.
Mystic River 43,Crime,A scientist discovers a dangerous technology.
Last Survivor 44,Adventure,A warrior fights to protect his homeland.
Emerald Skies 45,Romance,A group of explorers travel into unknown territory.
Hidden Truth 46,Mystery,A scientist discovers a dangerous technology.
Frozen Legacy 47,Crime,A battle between powerful kingdoms begins.
Neon City 48,Family,A battle between powerful kingdoms begins.
Emerald Skies 49,Sci-Fi,A love story tested by impossible circumstances.
Phantom Code 50,Romance,A scientist discovers a dangerous technology.
Frozen Legacy 51,Crime,A city faces a growing threat from within.
Infinite Storm 52,Sci-Fi,A scientist discovers a dangerous technology.
Neon City 53,Drama,A young hero discovers hidden powers.
Neon City 54,Mystery,A young hero discovers hidden powers.
Urban Legends 55,Family,A group of explorers travel into unknown territory.
Infinite Storm 56,Crime,A warrior fights to protect his homeland.
Lost Kingdom 57,Thriller,A mysterious stranger changes everything.
Phantom Code 58,Crime,A warrior fights to protect his homeland.
Hidden Truth 59,Drama,A scientist discovers a dangerous technology.
Silent Warrior 60,Drama,A love story tested by impossible circumstances.
Phantom Code 61,Fantasy,A team travels through space on a risky mission.
Storm Chaser 62,Crime,A group of explorers travel into unknown territory.
Shadow Strike 63,Family,A hero rises to save the world from destruction.
Silent Warrior 64,Sci-Fi,A young hero discovers hidden powers.
Last Survivor 65,Family,A young hero discovers hidden powers.
Shadow Strike 66,Animation,A scientist discovers a dangerous technology.
Last Survivor 67,Animation,A battle between powerful kingdoms begins.
Crimson War 68,Action,A team travels through space on a risky mission.
Neon City 69,Drama,A scientist discovers a dangerous technology.
Storm Chaser 70,Sci-Fi,A group of explorers travel into unknown territory.
Phantom Code 71,Crime,A mysterious stranger changes everything.
Secret Alliance 72,Fantasy,A team travels through space on a risky mission.
Eternal Night 73,Fantasy,A team travels through space on a risky mission.
Dragon Blade 74,Adventure,A battle between powerful kingdoms begins.
Lost Kingdom 75,Adventure,A young hero discovers hidden powers.
Final Protocol 76,Drama,A group of explorers travel into unknown territory.
Mystic River 77,Romance,A hero rises to save the world from destruction.
Quantum Rift 78,Adventure,A mysterious stranger changes everything.
Infinite Storm 79,Action,A mysterious stranger changes everything.
Midnight Signal 80,Mystery,A love story tested by impossible circumstances.
Shadow Strike 81,Adventure,A love story tested by impossible circumstances.
Last Survivor 82,Drama,A team travels through space on a risky mission.
Dark Frontier 83,Sci-Fi,A mysterious stranger changes everything.
Golden Horizon 84,Adventure,A mysterious stranger changes everything.
Emerald Skies 85,Adventure,A detective uncovers a dangerous conspiracy.
Steel Horizon 86,Action,A team travels through space on a risky mission.
Phantom Code 87,Sci-Fi,A scientist discovers a dangerous technology.
Mystic River 88,Sci-Fi,A secret organization controls world events.
Mystic River 89,Fantasy,A secret organization controls world events.
Silent Warrior 90,Mystery,A hero rises to save the world from destruction.
Hidden Truth 91,Sci-Fi,A mysterious stranger changes everything.
Last Survivor 92,Fantasy,A love story tested by impossible circumstances.
Midnight Signal 93,Adventure,A group of explorers travel into unknown territory.
Hidden Truth 94,Animation,A mysterious stranger changes everything.
Steel Horizon 95,Comedy,A young hero discovers hidden powers.
Solar Mission 96,Comedy,A love story tested by impossible circumstances.
Neon City 97,Romance,A warrior fights to protect his homeland.
Hidden Truth 98,Sci-Fi,A love story tested by impossible circumstances.
Dragon Blade 99,Action,A battle between powerful kingdoms begins.
Storm Chaser 100,Comedy,A scientist discovers a dangerous technology.
Midnight Signal 101,Fantasy,A young hero discovers hidden powers.
Eternal Night 102,Sci-Fi,A mysterious stranger changes everything.
Final Protocol 103,Comedy,A hero rises to save the world from destruction.
Secret Alliance 104,Mystery,A warrior fights to protect his homeland.
Shadow Strike 105,Crime,A mysterious stranger changes everything.
Ancient Prophecy 106,Romance,A hero rises to save the world from destruction.
Cosmic Voyage 107,Mystery,A warrior fights to protect his homeland.
Storm Chaser 108,Thriller,A detective uncovers a dangerous conspiracy.
Phantom Code 109,Action,A secret organization controls world events.
Steel Horizon 110,Animation,A team travels through space on a risky mission.
Solar Mission 111,Adventure,A warrior fights to protect his homeland.
Broken Empire 112,Crime,A team travels through space on a risky mission.
Hidden Truth 113,Comedy,A young hero discovers hidden powers.
Hidden Truth 114,Fantasy,A mysterious stranger changes everything.
Emerald Skies 115,Crime,A hero rises to save the world from destruction.
Silent Warrior 116,Romance,A detective uncovers a dangerous conspiracy.
Mystic River 117,Romance,A secret organization controls world events.
Phantom Code 118,Fantasy,A detective uncovers a dangerous conspiracy.
Frozen Legacy 119,Sci-Fi,A city faces a growing threat from within.
Hidden Truth 120,Romance,A young hero discovers hidden powers.
Iron Guardian 121,Sci-Fi,A detective uncovers a dangerous conspiracy.
Phantom Code 122,Comedy,A scientist discovers a dangerous technology.
Urban Legends 123,Action,A young hero discovers hidden powers.
Urban Legends 124,Fantasy,A team travels through space on a risky mission.
Emerald Skies 125,Romance,A mysterious stranger changes everything.
Urban Legends 126,Thriller,A secret organization controls world events.
Shadow Strike 127,Drama,A battle between powerful kingdoms begins.
Frozen Legacy 128,Animation,A group of explorers travel into unknown territory.
Ancient Prophecy 129,Thriller,A team travels through space on a risky mission.
Ancient Prophecy 130,Fantasy,A young hero discovers hidden powers.
Phantom Code 131,Fantasy,A hero rises to save the world from destruction.
Parallel Worlds 132,Family,A secret organization controls world events.
Steel Horizon 133,Crime,A hero rises to save the world from destruction.
Frozen Legacy 134,Animation,A scientist discovers a dangerous technology.
Quantum Rift 135,Crime,A scientist discovers a dangerous technology.
Solar Mission 136,Adventure,A secret organization controls world events.
Galactic Run 137,Crime,A young hero discovers hidden powers.
Phantom Code 138,Romance,A scientist discovers a dangerous technology.
Final Protocol 139,Adventure,A young hero discovers hidden powers.
Parallel Worlds 140,Mystery,A scientist discovers a dangerous technology.
Steel Horizon 141,Fantasy,A love story tested by impossible circumstances.
Dragon Blade 142,Action,A scientist discovers a dangerous technology.
Urban Legends 143,Thriller,A secret organization controls world events.
Last Survivor 144,Family,A hero rises to save the world from destruction.
Dragon Blade 145,Action,A scientist discovers a dangerous technology.
Dragon Blade 146,Comedy,A love story tested by impossible circumstances.
Silent Warrior 147,Comedy,A mysterious stranger changes everything.
Dragon Blade 148,Mystery,A young hero discovers hidden powers.
Ancient Prophecy 149,Adventure,A group of explorers travel into unknown territory.
Urban Legends 150,Crime,A young hero discovers hidden powers.
Steel Horizon 151,Thriller,A city faces a growing threat from within.
Last Survivor 152,Drama,A hero rises to save the world from destruction.
Midnight Signal 153,Sci-Fi,A group of explorers travel into unknown territory.
Neon City 154,Adventure,A secret organization controls world events.
Ancient Prophecy 155,Mystery,A mysterious stranger changes everything.
Urban Legends 156,Romance,A detective uncovers a dangerous conspiracy.
Secret Alliance 157,Action,A warrior fights to protect his homeland.
Quantum Rift 158,Comedy,A warrior fights to protect his homeland.
Parallel Worlds 159,Comedy,A detective uncovers a dangerous conspiracy.
Mystic River 160,Drama,A love story tested by impossible circumstances.
Iron Guardian 161,Romance,A team travels through space on a risky mission.
Shadow Strike 162,Comedy,A hero rises to save the world from destruction.
Last Survivor 163,Thriller,A secret organization controls world events.
Frozen Legacy 164,Mystery,A scientist discovers a dangerous technology.
Hidden Truth 165,Mystery,A love story tested by impossible circumstances.
Mystic River 166,Mystery,A love story tested by impossible circumstances.
Urban Legends 167,Action,A young hero discovers hidden powers.
Shadow Strike 168,Fantasy,A group of explorers travel into unknown territory.
Silent Warrior 169,Fantasy,A battle between powerful kingdoms begins.
Quantum Rift 170,Animation,A detective uncovers a dangerous conspiracy.
Crimson War 171,Drama,A team travels through space on a risky mission.
Infinite Storm 172,Romance,A hero rises to save the world from destruction.
Phantom Code 173,Adventure,A secret organization controls world events.
Solar Mission 174,Mystery,A group of explorers travel into unknown territory.
Final Protocol 175,Drama,A love story tested by impossible circumstances.
Midnight Signal 176,Thriller,A love story tested by impossible circumstances.
Lost Kingdom 177,Crime,A hero rises to save the world from destruction.
Midnight Signal 178,Adventure,A love story tested by impossible circumstances.
Mystic River 179,Romance,A warrior fights to protect his homeland.
Crimson War 180,Comedy,A scientist discovers a dangerous technology.
Crimson War 181,Adventure,A hero rises to save the world from destruction.
Galactic Run 182,Animation,A young hero discovers hidden powers.
Midnight Signal 183,Family,A group of explorers travel into unknown territory.
Galactic Run 184,Sci-Fi,A warrior fights to protect his homeland.
Storm Chaser 185,Crime,A city faces a growing threat from within.
Ancient Prophecy 186,Sci-Fi,A scientist discovers a dangerous technology.
Frozen Legacy 187,Animation,A hero rises to save the world from destruction.
Galactic Run 188,Crime,A hero rises to save the world from destruction.
Parallel Worlds 189,Crime,A scientist discovers a dangerous technology.
Crimson War 190,Family,A young hero discovers hidden powers.
Urban Legends 191,Family,A battle between powerful kingdoms begins.
Final Protocol 192,Crime,A detective uncovers a dangerous conspiracy.
Cosmic Voyage 193,Comedy,A group of explorers travel into unknown territory.
Hidden Truth 194,Thriller,A city faces a growing threat from within.
Lost Kingdom 195,Mystery,A team travels through space on a risky mission.
Dark Frontier 196,Crime,A warrior fights to protect his homeland.
Secret Alliance 197,Action,A scientist discovers a dangerous technology.
Mystic River 198,Comedy,A team travels through space on a risky mission.
Neon City 199,Romance,A battle between powerful kingdoms begins.
Hidden Truth 200,Crime,A young hero discovers hidden powers.
Mystic River 201,Action,A detective uncovers a dangerous conspiracy.
Steel Horizon 202,Thriller,A young hero discovers hidden powers.
Dragon Blade 203,Adventure,A city faces a growing threat from within.
Solar Mission 204,Sci-Fi,A group of explorers travel into unknown territory.
Phantom Code 205,Mystery,A mysterious stranger changes everything.
Lost Kingdom 206,Thriller,A love story tested by impossible circumstances.
Neon City 207,Family,A warrior fights to protect his homeland.
Final Protocol 208,Crime,A hero rises to save the world from destruction.
Infinite Storm 209,Mystery,A group of explorers travel into unknown territory.
Cosmic Voyage 210,Thriller,A warrior fights to protect his homeland.
Steel Horizon 211,Mystery,A mysterious stranger changes everything.
Phantom Code 212,Romance,A young hero discovers hidden powers.
Phantom Code 213,Crime,A detective uncovers a dangerous conspiracy.
Iron Guardian 214,Thriller,A detective uncovers a dangerous conspiracy.
Phantom Code 215,Action,A scientist discovers a dangerous technology.
Solar Mission 216,Family,A love story tested by impossible circumstances.
Dark Frontier 217,Drama,A warrior fights to protect his homeland.
Lost Kingdom 218,Fantasy,A secret organization controls world events.
Iron Guardian 219,Animation,A city faces a growing threat from within.
Galactic Run 220,Thriller,A battle between powerful kingdoms begins.
Mystic River 221,Drama,A scientist discovers a dangerous technology.
Infinite Storm 222,Crime,A city faces a growing threat from within.
Iron Guardian 223,Family,A secret organization controls world events.
Crimson War 224,Comedy,A love story tested by impossible circumstances.
Hidden Truth 225,Romance,A mysterious stranger changes everything.
Dragon Blade 226,Thriller,A warrior fights to protect his homeland.
Solar Mission 227,Animation,A young hero discovers hidden powers.
Quantum Rift 228,Family,A secret organization controls world events.
Quantum Rift 229,Animation,A battle between powerful kingdoms begins.
Phantom Code 230,Sci-Fi,A battle between powerful kingdoms begins.
Emerald Skies 231,Adventure,A group of explorers travel into unknown territory.
Hidden Truth 232,Drama,A detective uncovers a dangerous conspiracy.
Storm Chaser 233,Romance,A team travels through space on a risky mission.
Storm Chaser 234,Mystery,A city faces a growing threat from within.
Frozen Legacy 235,Comedy,A group of explorers travel into unknown territory.
Final Protocol 236,Fantasy,A love story tested by impossible circumstances.
Infinite Storm 237,Romance,A group of explorers travel into unknown territory.
Parallel Worlds 238,Crime,A hero rises to save the world from destruction.
Galactic Run 239,Adventure,A love story tested by impossible circumstances.
Steel Horizon 240,Family,A mysterious stranger changes everything.
Dark Frontier 241,Animation,A battle between powerful kingdoms begins.
Midnight Signal 242,Mystery,A team travels through space on a risky mission.
Shadow Strike 243,Family,A detective uncovers a dangerous conspiracy.
Parallel Worlds 244,Family,A city faces a growing threat from within.
Crimson War 245,Sci-Fi,A young hero discovers hidden powers.
Neon City 246,Fantasy,A city faces a growing threat from within.
Ancient Prophecy 247,Mystery,A detective uncovers a dangerous conspiracy.
Final Protocol 248,Comedy,A secret organization controls world events.
Lost Kingdom 249,Action,A secret organization controls world events.
Eternal Night 250,Adventure,A battle between powerful kingdoms begins.
Ancient Prophecy 251,Action,A hero rises to save the world from destruction.
Golden Horizon 252,Crime,A scientist discovers a dangerous technology.
Urban Legends 253,Romance,A team travels through space on a risky mission.
Secret Alliance 254,Crime,A secret organization controls world events.
Secret Alliance 255,Drama,A detective uncovers a dangerous conspiracy.
Golden Horizon 256,Action,A battle between powerful kingdoms begins.
Final Protocol 257,Animation,A team travels through space on a risky mission.
Silent Warrior 258,Sci-Fi,A battle between powerful kingdoms begins.
Solar Mission 259,Sci-Fi,A warrior fights to protect his homeland.
Parallel Worlds 260,Adventure,A detective uncovers a dangerous conspiracy.
Neon City 261,Mystery,A city faces a growing threat from within.
Neon City 262,Thriller,A love story tested by impossible circumstances.
Steel Horizon 263,Comedy,A detective uncovers a dangerous conspiracy.
Eternal Night 264,Drama,A scientist discovers a dangerous technology.
Ancient Prophecy 265,Drama,A team travels through space on a risky mission.
Galactic Run 266,Animation,A team travels through space on a risky mission.
Dragon Blade 267,Family,A young hero discovers hidden powers.
Lost Kingdom 268,Mystery,A love story tested by impossible circumstances.
Mystic River 269,Sci-Fi,A hero rises to save the world from destruction.
Hidden Truth 270,Adventure,A warrior fights to protect his homeland.
Broken Empire 271,Family,A love story tested by impossible circumstances.
Frozen Legacy 272,Mystery,A secret organization controls world events.
Dark Frontier 273,Crime,A city faces a growing threat from within.
Quantum Rift 274,Fantasy,A city faces a growing threat from within.
Midnight Signal 275,Sci-Fi,A young hero discovers hidden powers.
Urban Legends 276,Fantasy,A group of explorers travel into unknown territory.
Urban Legends 277,Family,A detective uncovers a dangerous conspiracy.
Solar Mission 278,Mystery,A team travels through space on a risky mission.
Mystic River 279,Action,A secret organization controls world events.
Cosmic Voyage 280,Adventure,A secret organization controls world events.
Cosmic Voyage 281,Thriller,A warrior fights to protect his homeland.
Eternal Night 282,Action,A love story tested by impossible circumstances.
Golden Horizon 283,Fantasy,A mysterious stranger changes everything.
Storm Chaser 284,Action,A city faces a growing threat from within.
Quantum Rift 285,Adventure,A mysterious stranger changes everything.
Broken Empire 286,Action,A hero rises to save the world from destruction.
Crimson War 287,Romance,A hero rises to save the world from destruction.
Phantom Code 288,Animation,A battle between powerful kingdoms begins.
Ancient Prophecy 289,Action,A detective uncovers a dangerous conspiracy.
Storm Chaser 290,Mystery,A detective uncovers a dangerous conspiracy.
Dark Frontier 291,Mystery,A detective uncovers a dangerous conspiracy.
Lost Kingdom 292,Mystery,A detective uncovers a dangerous conspiracy.
Last Survivor 293,Comedy,A young hero discovers hidden powers.
Dragon Blade 294,Adventure,A love story tested by impossible circumstances.
Phantom Code 295,Family,A team travels through space on a risky mission.
Infinite Storm 296,Adventure,A team travels through space on a risky mission.
Dragon Blade 297,Mystery,A mysterious stranger changes everything.
Cosmic Voyage 298,Thriller,A secret organization controls world events.
Shadow Strike 299,Thriller,A mysterious stranger changes everything.
Final Protocol 300,Drama,A battle between powerful kingdoms begins.
Galactic Run 301,Drama,A city faces a growing threat from within.
Iron Guardian 302,Animation,A detective uncovers a dangerous conspiracy.
Eternal Night 303,Animation,A hero rises to save the world from destruction.
Phantom Code 304,Crime,A team travels through space on a risky mission.
Silent Warrior 305,Adventure,A warrior fights to protect his homeland.
Lost Kingdom 306,Sci-Fi,A warrior fights to protect his homeland.
Eternal Night 307,Action,A scientist discovers a dangerous technology.
Phantom Code 308,Drama,A love story tested by impossible circumstances.
Storm Chaser 309,Action,A battle between powerful kingdoms begins.
Parallel Worlds 310,Family,A group of explorers travel into unknown territory.
Solar Mission 311,Sci-Fi,A mysterious stranger changes everything.
Ancient Prophecy 312,Drama,A group of explorers travel into unknown territory.
Golden Horizon 313,Adventure,A secret organization controls world events.
Urban Legends 314,Mystery,A scientist discovers a dangerous technology.
Last Survivor 315,Fantasy,A scientist discovers a dangerous technology.
Dragon Blade 316,Romance,A scientist discovers a dangerous technology.
Cosmic Voyage 317,Sci-Fi,A warrior fights to protect his homeland.
Shadow Strike 318,Action,A hero rises to save the world from destruction.
Infinite Storm 319,Drama,A group of explorers travel into unknown territory.
Secret Alliance 320,Action,A young hero discovers hidden powers.
Emerald Skies 321,Comedy,A young hero discovers hidden powers.
Golden Horizon 322,Action,A group of explorers travel into unknown territory.
Phantom Code 323,Thriller,A young hero discovers hidden powers.
Frozen Legacy 324,Romance,A secret organization controls world events.
Neon City 325,Drama,A team travels through space on a risky mission.
Storm Chaser 326,Thriller,A young hero discovers hidden powers.
Crimson War 327,Fantasy,A group of explorers travel into unknown territory.
Emerald Skies 328,Family,A young hero discovers hidden powers.
Solar Mission 329,Thriller,A love story tested by impossible circumstances.
Eternal Night 330,Sci-Fi,A city faces a growing threat from within.
Lost Kingdom 331,Adventure,A group of explorers travel into unknown territory.
Secret Alliance 332,Romance,A young hero discovers hidden powers.
Eternal Night 333,Fantasy,A warrior fights to protect his homeland.
Final Protocol 334,Family,A scientist discovers a dangerous technology.
Urban Legends 335,Family,A scientist discovers a dangerous technology.
Neon City 336,Adventure,A detective uncovers a dangerous conspiracy.
Lost Kingdom 337,Thriller,A hero rises to save the world from destruction.
Solar Mission 338,Crime,A detective uncovers a dangerous conspiracy.
Last Survivor 339,Animation,A team travels through space on a risky mission.
Last Survivor 340,Comedy,A city faces a growing threat from within.
Final Protocol 341,Action,A detective uncovers a dangerous conspiracy.
Mystic River 342,Thriller,A city faces a growing threat from within.
Iron Guardian 343,Drama,A detective uncovers a dangerous conspiracy.
Neon City 344,Drama,A detective uncovers a dangerous conspiracy.
Neon City 345,Mystery,A group of explorers travel into unknown territory.
Infinite Storm 346,Mystery,A detective uncovers a dangerous conspiracy.
Silent Warrior 347,Family,A detective uncovers a dangerous conspiracy.
Silent Warrior 348,Thriller,A group of explorers travel into unknown territory.
Neon City 349,Family,A warrior fights to protect his homeland.
Secret Alliance 350,Adventure,A mysterious stranger changes everything.
Ancient Prophecy 351,Action,A detective uncovers a dangerous conspiracy.
Galactic Run 352,Drama,A secret organization controls world events.
Phantom Code 353,Sci-Fi,A mysterious stranger changes everything.
Emerald Skies 354,Sci-Fi,A hero rises to save the world from destruction.
Hidden Truth 355,Thriller,A city faces a growing threat from within.
Urban Legends 356,Family,A secret organization controls world events.
Frozen Legacy 357,Crime,A group of explorers travel into unknown territory.
Emerald Skies 358,Action,A love story tested by impossible circumstances.
Secret Alliance 359,Romance,A mysterious stranger changes everything.
Iron Guardian 360,Family,A group of explorers travel into unknown territory.
Infinite Storm 361,Adventure,A detective uncovers a dangerous conspiracy.
Final Protocol 362,Comedy,A mysterious stranger changes everything.
Final Protocol 363,Sci-Fi,A detective uncovers a dangerous conspiracy.
Galactic Run 364,Adventure,A secret organization controls world events.
Phantom Code 365,Animation,A young hero discovers hidden powers.
Silent Warrior 366,Mystery,A scientist discovers a dangerous technology.
Emerald Skies 367,Drama,A team travels through space on a risky mission.
Parallel Worlds 368,Family,A secret organization controls world events.
Steel Horizon 369,Animation,A team travels through space on a risky mission.
Galactic Run 370,Animation,A city faces a growing threat from within.
Solar Mission 371,Adventure,A city faces a growing threat from within.
Infinite Storm 372,Animation,A warrior fights to protect his homeland.
Shadow Strike 373,Sci-Fi,A young hero discovers hidden powers.
Quantum Rift 374,Fantasy,A city faces a growing threat from within.
Eternal Night 375,Adventure,A city faces a growing threat from within.
Phantom Code 376,Thriller,A scientist discovers a dangerous technology.
Silent Warrior 377,Adventure,A battle between powerful kingdoms begins.
Neon City 378,Romance,A group of explorers travel into unknown territory.
Emerald Skies 379,Family,A mysterious stranger changes everything.
Steel Horizon 380,Adventure,A scientist discovers a dangerous technology.
Broken Empire 381,Crime,A detective uncovers a dangerous conspiracy.
Phantom Code 382,Sci-Fi,A battle between powerful kingdoms begins.
Neon City 383,Action,A young hero discovers hidden powers.
Dragon Blade 384,Mystery,A warrior fights to protect his homeland.
Final Protocol 385,Sci-Fi,A young hero discovers hidden powers.
Eternal Night 386,Animation,A city faces a growing threat from within.
Steel Horizon 387,Animation,A city faces a growing threat from within.
Final Protocol 388,Adventure,A mysterious stranger changes everything.
Crimson War 389,Crime,A young hero discovers hidden powers.
Shadow Strike 390,Fantasy,A young hero discovers hidden powers.
Dark Frontier 391,Romance,A mysterious stranger changes everything.
Storm Chaser 392,Action,A love story tested by impossible circumstances.
Dark Frontier 393,Romance,A city faces a growing threat from within.
Phantom Code 394,Action,A secret organization controls world events.
Dragon Blade 395,Mystery,A detective uncovers a dangerous conspiracy.
Neon City 396,Comedy,A battle between powerful kingdoms begins.
Crimson War 397,Sci-Fi,A secret organization controls world events.
Neon City 398,Family,A love story tested by impossible circumstances.
Storm Chaser 399,Action,A city faces a growing threat from within.
Ancient Prophecy 400,Adventure,A hero rises to save the world from destruction.
Urban Legends 401,Drama,A detective uncovers a dangerous conspiracy.
Mystic River 402,Action,A young hero discovers hidden powers.
Storm Chaser 403,Animation,A young hero discovers hidden powers.
Lost Kingdom 404,Thriller,A warrior fights to protect his homeland.
Midnight Signal 405,Drama,A warrior fights to protect his homeland.
Last Survivor 406,Family,A detective uncovers a dangerous conspiracy.
Dark Frontier 407,Comedy,A mysterious stranger changes everything.
Emerald Skies 408,Thriller,A hero rises to save the world from destruction.
Parallel Worlds 409,Action,A group of explorers travel into unknown territory.
Dragon Blade 410,Fantasy,A warrior fights to protect his homeland.
Broken Empire 411,Drama,A battle between powerful kingdoms begins.
Urban Legends 412,Animation,A mysterious stranger changes everything.
Dragon Blade 413,Family,A scientist discovers a dangerous technology.
Last Survivor 414,Thriller,A group of explorers travel into unknown territory.
Final Protocol 415,Mystery,A group of explorers travel into unknown territory.
Phantom Code 416,Mystery,A team travels through space on a risky mission.
Broken Empire 417,Fantasy,A battle between powerful kingdoms begins.
Phantom Code 418,Crime,A detective uncovers a dangerous conspiracy.
Lost Kingdom 419,Adventure,A young hero discovers hidden powers.
Cosmic Voyage 420,Drama,A secret organization controls world events.
Dragon Blade 421,Drama,A love story tested by impossible circumstances.
Silent Warrior 422,Family,A love story tested by impossible circumstances.
Secret Alliance 423,Drama,A scientist discovers a dangerous technology.
Silent Warrior 424,Animation,A group of explorers travel into unknown territory.
Last Survivor 425,Animation,A group of explorers travel into unknown territory.
Iron Guardian 426,Fantasy,A young hero discovers hidden powers.
Phantom Code 427,Drama,A team travels through space on a risky mission.
Mystic River 428,Animation,A love story tested by impossible circumstances.
Steel Horizon 429,Action,A mysterious stranger changes everything.
Hidden Truth 430,Fantasy,A battle between powerful kingdoms begins.
Midnight Signal 431,Adventure,A detective uncovers a dangerous conspiracy.
Cosmic Voyage 432,Romance,A city faces a growing threat from within.
Cosmic Voyage 433,Mystery,A group of explorers travel into unknown territory.
Phantom Code 434,Action,A detective uncovers a dangerous conspiracy.
Crimson War 435,Fantasy,A young hero discovers hidden powers.
Midnight Signal 436,Mystery,A city faces a growing threat from within.
Ancient Prophecy 437,Fantasy,A detective uncovers a dangerous conspiracy.
Iron Guardian 438,Fantasy,A love story tested by impossible circumstances.
Steel Horizon 439,Crime,A secret organization controls world events.
Golden Horizon 440,Family,A city faces a growing threat from within.
Crimson War 441,Family,A team travels through space on a risky mission.
Last Survivor 442,Adventure,A scientist discovers a dangerous technology.
Parallel Worlds 443,Animation,A detective uncovers a dangerous conspiracy.
Golden Horizon 444,Adventure,A city faces a growing threat from within.
Shadow Strike 445,Thriller,A warrior fights to protect his homeland.
Phantom Code 446,Thriller,A team travels through space on a risky mission.
Infinite Storm 447,Comedy,A group of explorers travel into unknown territory.
Neon City 448,Comedy,A young hero discovers hidden powers.
Crimson War 449,Adventure,A team travels through space on a risky mission.
Dark Frontier 450,Fantasy,A detective uncovers a dangerous conspiracy.
Shadow Strike 451,Romance,A hero rises to save the world from destruction.
Quantum Rift 452,Drama,A secret organization controls world events.
Neon City 453,Adventure,A battle between powerful kingdoms begins.
Silent Warrior 454,Fantasy,A city faces a growing threat from within.
Quantum Rift 455,Family,A love story tested by impossible circumstances.
Secret Alliance 456,Comedy,A hero rises to save the world from destruction.
Emerald Skies 457,Family,A mysterious stranger changes everything.
Dragon Blade 458,Family,A detective uncovers a dangerous conspiracy.
Cosmic Voyage 459,Animation,A hero rises to save the world from destruction.
Final Protocol 460,Adventure,A scientist discovers a dangerous technology.
Golden Horizon 461,Romance,A hero rises to save the world from destruction.
Galactic Run 462,Action,A team travels through space on a risky mission.
Iron Guardian 463,Action,A group of explorers travel into unknown territory.
Ancient Prophecy 464,Comedy,A warrior fights to protect his homeland.
Mystic River 465,Family,A scientist discovers a dangerous technology.
Cosmic Voyage 466,Crime,A team travels through space on a risky mission.
Parallel Worlds 467,Animation,A young hero discovers hidden powers.
Dark Frontier 468,Sci-Fi,A detective uncovers a dangerous conspiracy.
Galactic Run 469,Family,A hero rises to save the world from destruction.
Cosmic Voyage 470,Romance,A battle between powerful kingdoms begins.
Emerald Skies 471,Drama,A young hero discovers hidden powers.
Cosmic Voyage 472,Action,A love story tested by impossible circumstances.
Golden Horizon 473,Adventure,A mysterious stranger changes everything.
Crimson War 474,Drama,A city faces a growing threat from within.
Crimson War 475,Romance,A city faces a growing threat from within.
Dark Frontier 476,Animation,A love story tested by impossible circumstances.
Shadow Strike 477,Comedy,A secret organization controls world events.
Dark Frontier 478,Comedy,A city faces a growing threat from within.
Galactic Run 479,Animation,A battle between powerful kingdoms begins.
Crimson War 480,Animation,A warrior fights to protect his homeland.
Emerald Skies 481,Fantasy,A group of explorers travel into unknown territory.
Urban Legends 482,Romance,A scientist discovers a dangerous technology.
Crimson War 483,Comedy,A city faces a growing threat from within.
Phantom Code 484,Drama,A team travels through space on a risky mission.
Eternal Night 485,Animation,A detective uncovers a dangerous conspiracy.
Quantum Rift 486,Comedy,A team travels through space on a risky mission.
Crimson War 487,Family,A secret organization controls world events.
Ancient Prophecy 488,Romance,A team travels through space on a risky mission.
Golden Horizon 489,Family,A team travels through space on a risky mission.
Solar Mission 490,Drama,A mysterious stranger changes everything.
Midnight Signal 491,Thriller,A warrior fights to protect his homeland.
Secret Alliance 492,Family,A scientist discovers a dangerous technology.
Dragon Blade 493,Mystery,A detective uncovers a dangerous conspiracy.
Steel Horizon 494,Comedy,A mysterious stranger changes everything.
Mystic River 495,Mystery,A group of explorers travel into unknown territory.
Quantum Rift 496,Fantasy,A secret organization controls world events.
Crimson War 497,Family,A hero rises to save the world from destruction.
Silent Warrior 498,Crime,A detective uncovers a dangerous conspiracy.
Storm Chaser 499,Fantasy,A love story tested by impossible circumstances.
Silent Warrior 500,Thriller,A group of explorers travel into unknown territory.
Ancient Prophecy 501,Animation,A team travels through space on a risky mission.
Hidden Truth 502,Family,A warrior fights to protect his homeland.
Hidden Truth 503,Crime,A battle between powerful kingdoms begins.
Lost Kingdom 504,Romance,A young hero discovers hidden powers.
Crimson War 505,Fantasy,A group of explorers travel into unknown territory.
Golden Horizon 506,Adventure,A city faces a growing threat from within.
Urban Legends 507,Adventure,A hero rises to save the world from destruction.
Iron Guardian 508,Comedy,A young hero discovers hidden powers.
Quantum Rift 509,Comedy,A young hero discovers hidden powers.
Secret Alliance 510,Action,A detective uncovers a dangerous conspiracy.
Lost Kingdom 511,Drama,A detective uncovers a dangerous conspiracy.
Ancient Prophecy 512,Action,A mysterious stranger changes everything.
Storm Chaser 513,Action,A hero rises to save the world from destruction.
Broken Empire 514,Adventure,A detective uncovers a dangerous conspiracy.
Frozen Legacy 515,Sci-Fi,A team travels through space on a risky mission.
Secret Alliance 516,Adventure,A team travels through space on a risky mission.
Phantom Code 517,Action,A team travels through space on a risky mission.
Storm Chaser 518,Adventure,A detective uncovers a dangerous conspiracy.
Infinite Storm 519,Crime,A mysterious stranger changes everything.
Eternal Night 520,Romance,A love story tested by impossible circumstances.
Urban Legends 521,Thriller,A young hero discovers hidden powers.
Parallel Worlds 522,Mystery,A battle between powerful kingdoms begins.
Quantum Rift 523,Adventure,A detective uncovers a dangerous conspiracy.
Iron Guardian 524,Animation,A warrior fights to protect his homeland.
Galactic Run 525,Thriller,A hero rises to save the world from destruction.
Final Protocol 526,Fantasy,A team travels through space on a risky mission.
Dark Frontier 527,Adventure,A mysterious stranger changes everything.
Cosmic Voyage 528,Sci-Fi,A group of explorers travel into unknown territory.
Shadow Strike 529,Adventure,A detective uncovers a dangerous conspiracy.
Golden Horizon 530,Romance,A city faces a growing threat from within.
Final Protocol 531,Crime,A young hero discovers hidden powers.
Lost Kingdom 532,Fantasy,A scientist discovers a dangerous technology.
Broken Empire 533,Thriller,A hero rises to save the world from destruction.
Silent Warrior 534,Family,A detective uncovers a dangerous conspiracy.
Cosmic Voyage 535,Thriller,A city faces a growing threat from within.
Broken Empire 536,Drama,A hero rises to save the world from destruction.
Storm Chaser 537,Sci-Fi,A city faces a growing threat from within.
Shadow Strike 538,Crime,A detective uncovers a dangerous conspiracy.
Ancient Prophecy 539,Animation,A love story tested by impossible circumstances.
Last Survivor 540,Fantasy,A warrior fights to protect his homeland.
Dark Frontier 541,Fantasy,A mysterious stranger changes everything.
Midnight Signal 542,Drama,A mysterious stranger changes everything.
Final Protocol 543,Family,A warrior fights to protect his homeland.
Secret Alliance 544,Family,A team travels through space on a risky mission.
Last Survivor 545,Drama,A secret organization controls world events.
Mystic River 546,Crime,A hero rises to save the world from destruction.
Iron Guardian 547,Comedy,A battle between powerful kingdoms begins.
Eternal Night 548,Comedy,A secret organization controls world events.
Frozen Legacy 549,Drama,A hero rises to save the world from destruction.
Neon City 550,Animation,A detective uncovers a dangerous conspiracy.
Ancient Prophecy 551,Action,A battle between powerful kingdoms begins.
Eternal Night 552,Crime,A love story tested by impossible circumstances.
Secret Alliance 553,Sci-Fi,A city faces a growing threat from within.
Cosmic Voyage 554,Sci-Fi,A group of explorers travel into unknown territory.
Lost Kingdom 555,Animation,A scientist discovers a dangerous technology.
Eternal Night 556,Comedy,A love story tested by impossible circumstances.
Steel Horizon 557,Thriller,A mysterious stranger changes everything.
Steel Horizon 558,Comedy,A young hero discovers hidden powers.
Final Protocol 559,Animation,A secret organization controls world events.
Phantom Code 560,Drama,A warrior fights to protect his homeland.
Midnight Signal 561,Drama,A group of explorers travel into unknown territory.
Ancient Prophecy 562,Comedy,A scientist discovers a dangerous technology.
Crimson War 563,Mystery,A city faces a growing threat from within.
Lost Kingdom 564,Action,A warrior fights to protect his homeland.
Solar Mission 565,Romance,A secret organization controls world events.
Iron Guardian 566,Action,A city faces a growing threat from within.
Eternal Night 567,Mystery,A young hero discovers hidden powers.
Infinite Storm 568,Fantasy,A city faces a growing threat from within.
Phantom Code 569,Comedy,A mysterious stranger changes everything.
Shadow Strike 570,Fantasy,A scientist discovers a dangerous technology.
Ancient Prophecy 571,Crime,A detective uncovers a dangerous conspiracy.
Urban Legends 572,Animation,A young hero discovers hidden powers.
Quantum Rift 573,Crime,A hero rises to save the world from destruction.
Phantom Code 574,Mystery,A warrior fights to protect his homeland.
Storm Chaser 575,Animation,A love story tested by impossible circumstances.
Frozen Legacy 576,Animation,A warrior fights to protect his homeland.
Crimson War 577,Crime,A group of explorers travel into unknown territory.
Infinite Storm 578,Fantasy,A mysterious stranger changes everything.
Cosmic Voyage 579,Crime,A scientist discovers a dangerous technology.
Cosmic Voyage 580,Animation,A secret organization controls world events.
Neon City 581,Animation,A scientist discovers a dangerous technology.
Dark Frontier 582,Mystery,A scientist discovers a dangerous technology.
Final Protocol 583,Action,A mysterious stranger changes everything.
Urban Legends 584,Crime,A scientist discovers a dangerous technology.
Secret Alliance 585,Comedy,A warrior fights to protect his homeland.
Silent Warrior 586,Crime,A love story tested by impossible circumstances.
Quantum Rift 587,Romance,A young hero discovers hidden powers.
Phantom Code 588,Animation,A warrior fights to protect his homeland.
Final Protocol 589,Animation,A warrior fights to protect his homeland.
Hidden Truth 590,Animation,A love story tested by impossible circumstances.
Midnight Signal 591,Drama,A group of explorers travel into unknown territory.
Ancient Prophecy 592,Drama,A battle between powerful kingdoms begins.
Eternal Night 593,Thriller,A young hero discovers hidden powers.
Infinite Storm 594,Animation,A secret organization controls world events.
Broken Empire 595,Thriller,A battle between powerful kingdoms begins.
Hidden Truth 596,Action,A group of explorers travel into unknown territory.
Storm Chaser 597,Animation,A city faces a growing threat from within.
Crimson War 598,Family,A city faces a growing threat from within.
Galactic Run 599,Romance,A city faces a growing threat from within.
Lost Kingdom 600,Crime,A detective uncovers a dangerous conspiracy.
Final Protocol 601,Sci-Fi,A mysterious stranger changes everything.
Dark Frontier 602,Animation,A hero rises to save the world from destruction.
Lost Kingdom 603,Action,A detective uncovers a dangerous conspiracy.
Golden Horizon 604,Crime,A love story tested by impossible circumstances.
Silent Warrior 605,Mystery,A love story tested by impossible circumstances.
Dark Frontier 606,Comedy,A detective uncovers a dangerous conspiracy.
Storm Chaser 607,Adventure,A battle between powerful kingdoms begins.
Final Protocol 608,Adventure,A battle between powerful kingdoms begins.
Dragon Blade 609,Romance,A secret organization controls world events.
Quantum Rift 610,Drama,A secret organization controls world events.
Last Survivor 611,Family,A city faces a growing threat from within.
Shadow Strike 612,Adventure,A scientist discovers a dangerous technology.
Silent Warrior 613,Mystery,A scientist discovers a dangerous technology.
Golden Horizon 614,Romance,A detective uncovers a dangerous conspiracy.
Lost Kingdom 615,Family,A warrior fights to protect his homeland.
Neon City 616,Animation,A team travels through space on a risky mission.
Parallel Worlds 617,Family,A group of explorers travel into unknown territory.
Lost Kingdom 618,Crime,A city faces a growing threat from within.
Hidden Truth 619,Crime,A city faces a growing threat from within.
Shadow Strike 620,Action,A secret organization controls world events.
Golden Horizon 621,Romance,A love story tested by impossible circumstances.
Emerald Skies 622,Comedy,A detective uncovers a dangerous conspiracy.
Urban Legends 623,Sci-Fi,A city faces a growing threat from within.
Parallel Worlds 624,Sci-Fi,A detective uncovers a dangerous conspiracy.
Secret Alliance 625,Animation,A battle between powerful kingdoms begins.
Crimson War 626,Crime,A young hero discovers hidden powers.
Storm Chaser 627,Drama,A love story tested by impossible circumstances.
Galactic Run 628,Thriller,A love story tested by impossible circumstances.
Emerald Skies 629,Mystery,A warrior fights to protect his homeland.
Broken Empire 630,Action,A city faces a growing threat from within.
Emerald Skies 631,Crime,A detective uncovers a dangerous conspiracy.
Hidden Truth 632,Adventure,A battle between powerful kingdoms begins.
Urban Legends 633,Family,A scientist discovers a dangerous technology.
Mystic River 634,Mystery,A warrior fights to protect his homeland.
Mystic River 635,Sci-Fi,A group of explorers travel into unknown territory.
Phantom Code 636,Sci-Fi,A hero rises to save the world from destruction.
Dark Frontier 637,Crime,A battle between powerful kingdoms begins.
Final Protocol 638,Animation,A group of explorers travel into unknown territory.
Storm Chaser 639,Thriller,A group of explorers travel into unknown territory.
Cosmic Voyage 640,Comedy,A mysterious stranger changes everything.
Dragon Blade 641,Action,A battle between powerful kingdoms begins.
Phantom Code 642,Thriller,A love story tested by impossible circumstances.
Broken Empire 643,Romance,A love story tested by impossible circumstances.
Hidden Truth 644,Mystery,A young hero discovers hidden powers.
Lost Kingdom 645,Thriller,A warrior fights to protect his homeland.
Shadow Strike 646,Adventure,A secret organization controls world events.
Parallel Worlds 647,Family,A battle between powerful kingdoms begins.
Galactic Run 648,Romance,A secret organization controls world events.
Emerald Skies 649,Fantasy,A love story tested by impossible circumstances.
Dark Frontier 650,Romance,A detective uncovers a dangerous conspiracy.
Quantum Rift 651,Drama,A warrior fights to protect his homeland.
Urban Legends 652,Animation,A love story tested by impossible circumstances.
Dragon Blade 653,Comedy,A team travels through space on a risky mission.
Frozen Legacy 654,Family,A detective uncovers a dangerous conspiracy.
Lost Kingdom 655,Family,A hero rises to save the world from destruction.
Ancient Prophecy 656,Action,A warrior fights to protect his homeland.
Neon City 657,Mystery,A scientist discovers a dangerous technology.
Lost Kingdom 658,Drama,A detective uncovers a dangerous conspiracy.
Lost Kingdom 659,Crime,A love story tested by impossible circumstances.
Urban Legends 660,Comedy,A hero rises to save the world from destruction.
Secret Alliance 661,Crime,A mysterious stranger changes everything.
Storm Chaser 662,Comedy,A mysterious stranger changes everything.
Eternal Night 663,Crime,A young hero discovers hidden powers.
Eternal Night 664,Crime,A team travels through space on a risky mission.
Secret Alliance 665,Fantasy,A hero rises to save the world from destruction.
Eternal Night 666,Sci-Fi,A team travels through space on a risky mission.
Dragon Blade 667,Sci-Fi,A city faces a growing threat from within.
Phantom Code 668,Adventure,A team travels through space on a risky mission.
Parallel Worlds 669,Drama,A secret organization controls world events.
Steel Horizon 670,Action,A detective uncovers a dangerous conspiracy.
Parallel Worlds 671,Mystery,A battle between powerful kingdoms begins.
Steel Horizon 672,Romance,A team travels through space on a risky mission.
Lost Kingdom 673,Thriller,A scientist discovers a dangerous technology.
Cosmic Voyage 674,Romance,A mysterious stranger changes everything.
Last Survivor 675,Comedy,A battle between powerful kingdoms begins.
Iron Guardian 676,Comedy,A hero rises to save the world from destruction.
Shadow Strike 677,Mystery,A young hero discovers hidden powers.
Last Survivor 678,Adventure,A hero rises to save the world from destruction.
Shadow Strike 679,Action,A warrior fights to protect his homeland.
Galactic Run 680,Drama,A detective uncovers a dangerous conspiracy.
Hidden Truth 681,Thriller,A secret organization controls world events.
Shadow Strike 682,Adventure,A team travels through space on a risky mission.
Silent Warrior 683,Comedy,A scientist discovers a dangerous technology.
Infinite Storm 684,Comedy,A team travels through space on a risky mission.
Frozen Legacy 685,Sci-Fi,A warrior fights to protect his homeland.
Dragon Blade 686,Thriller,A young hero discovers hidden powers.
Urban Legends 687,Family,A city faces a growing threat from within.
Lost Kingdom 688,Fantasy,A mysterious stranger changes everything.
Neon City 689,Mystery,A young hero discovers hidden powers.
Infinite Storm 690,Sci-Fi,A team travels through space on a risky mission.
Crimson War 691,Animation,A city faces a growing threat from within.
Last Survivor 692,Action,A love story tested by impossible circumstances.
Silent Warrior 693,Adventure,A warrior fights to protect his homeland.
Mystic River 694,Fantasy,A love story tested by impossible circumstances.
Iron Guardian 695,Adventure,A city faces a growing threat from within.
Mystic River 696,Family,A young hero discovers hidden powers.
Last Survivor 697,Animation,A battle between powerful kingdoms begins.
Urban Legends 698,Adventure,A warrior fights to protect his homeland.
Final Protocol 699,Fantasy,A city faces a growing threat from within.
Broken Empire 700,Romance,A team travels through space on a risky mission.
Steel Horizon 701,Thriller,A battle between powerful kingdoms begins.
Last Survivor 702,Action,A hero rises to save the world from destruction.
Parallel Worlds 703,Adventure,A scientist discovers a dangerous technology.
Emerald Skies 704,Family,A battle between powerful kingdoms begins.
Phantom Code 705,Comedy,A hero rises to save the world from destruction.
Dark Frontier 706,Mystery,A team travels through space on a risky mission.
Cosmic Voyage 707,Comedy,A city faces a growing threat from within.
Eternal Night 708,Animation,A love story tested by impossible circumstances.
Ancient Prophecy 709,Crime,A city faces a growing threat from within.
Ancient Prophecy 710,Crime,A mysterious stranger changes everything.
Mystic River 711,Adventure,A warrior fights to protect his homeland.
Neon City 712,Sci-Fi,A mysterious stranger changes everything.
Solar Mission 713,Adventure,A mysterious stranger changes everything.
Midnight Signal 714,Sci-Fi,A battle between powerful kingdoms begins.
Parallel Worlds 715,Fantasy,A secret organization controls world events.
Golden Horizon 716,Sci-Fi,A battle between powerful kingdoms begins.
Crimson War 717,Crime,A detective uncovers a dangerous conspiracy.
Dark Frontier 718,Animation,A detective uncovers a dangerous conspiracy.
Galactic Run 719,Thriller,A team travels through space on a risky mission.
Neon City 720,Romance,A hero rises to save the world from destruction.
Phantom Code 721,Crime,A scientist discovers a dangerous technology.
Cosmic Voyage 722,Crime,A hero rises to save the world from destruction.
Silent Warrior 723,Mystery,A city faces a growing threat from within.
Iron Guardian 724,Crime,A battle between powerful kingdoms begins.
Iron Guardian 725,Thriller,A hero rises to save the world from destruction.
Last Survivor 726,Thriller,A city faces a growing threat from within.
Crimson War 727,Animation,A secret organization controls world events.
Dark Frontier 728,Comedy,A warrior fights to protect his homeland.
Secret Alliance 729,Sci-Fi,A scientist discovers a dangerous technology.
Mystic River 730,Adventure,A detective uncovers a dangerous conspiracy.
Midnight Signal 731,Family,A mysterious stranger changes everything.
Hidden Truth 732,Romance,A battle between powerful kingdoms begins.
Silent Warrior 733,Sci-Fi,A team travels through space on a risky mission.
Storm Chaser 734,Romance,A secret organization controls world events.
Galactic Run 735,Sci-Fi,A mysterious stranger changes everything.
Storm Chaser 736,Thriller,A secret organization controls world events.
Neon City 737,Family,A scientist discovers a dangerous technology.
Infinite Storm 738,Sci-Fi,A warrior fights to protect his homeland.
Solar Mission 739,Drama,A hero rises to save the world from destruction.
Phantom Code 740,Comedy,A detective uncovers a dangerous conspiracy.
Frozen Legacy 741,Adventure,A city faces a growing threat from within.
Storm Chaser 742,Mystery,A group of explorers travel into unknown territory.
Dragon Blade 743,Adventure,A scientist discovers a dangerous technology.
Parallel Worlds 744,Romance,A team travels through space on a risky mission.
Midnight Signal 745,Action,A secret organization controls world events.
Iron Guardian 746,Animation,A secret organization controls world events.
Cosmic Voyage 747,Action,A mysterious stranger changes everything.
Eternal Night 748,Fantasy,A team travels through space on a risky mission.
Dragon Blade 749,Comedy,A hero rises to save the world from destruction.
Lost Kingdom 750,Crime,A love story tested by impossible circumstances.
Secret Alliance 751,Action,A group of explorers travel into unknown territory.
Silent Warrior 752,Family,A scientist discovers a dangerous technology.
Silent Warrior 753,Thriller,A city faces a growing threat from within.
Midnight Signal 754,Comedy,A secret organization controls world events.
Phantom Code 755,Adventure,A secret organization controls world events.
Crimson War 756,Fantasy,A scientist discovers a dangerous technology.
Iron Guardian 757,Thriller,A detective uncovers a dangerous conspiracy.
Crimson War 758,Animation,A team travels through space on a risky mission.
Secret Alliance 759,Animation,A city faces a growing threat from within.
Broken Empire 760,Family,A hero rises to save the world from destruction.
Neon City 761,Animation,A warrior fights to protect his homeland.
Ancient Prophecy 762,Sci-Fi,A warrior fights to protect his homeland.
Golden Horizon 763,Thriller,A group of explorers travel into unknown territory.
Solar Mission 764,Drama,A mysterious stranger changes everything.
Lost Kingdom 765,Romance,A hero rises to save the world from destruction.
Crimson War 766,Family,A young hero discovers hidden powers.
Emerald Skies 767,Mystery,A love story tested by impossible circumstances.
Urban Legends 768,Drama,A city faces a growing threat from within.
Iron Guardian 769,Action,A battle between powerful kingdoms begins.
Broken Empire 770,Thriller,A scientist discovers a dangerous technology.
Ancient Prophecy 771,Fantasy,A detective uncovers a dangerous conspiracy.
Mystic River 772,Fantasy,A hero rises to save the world from destruction.
Crimson War 773,Crime,A love story tested by impossible circumstances.
Solar Mission 774,Romance,A detective uncovers a dangerous conspiracy.
Eternal Night 775,Romance,A love story tested by impossible circumstances.
Cosmic Voyage 776,Thriller,A young hero discovers hidden powers.
Ancient Prophecy 777,Thriller,A city faces a growing threat from within.
Eternal Night 778,Fantasy,A battle between powerful kingdoms begins.
Solar Mission 779,Thriller,A battle between powerful kingdoms begins.
Last Survivor 780,Comedy,A love story tested by impossible circumstances.
Frozen Legacy 781,Sci-Fi,A warrior fights to protect his homeland.
Hidden Truth 782,Thriller,A battle between powerful kingdoms begins.
Ancient Prophecy 783,Crime,A mysterious stranger changes everything.
Final Protocol 784,Comedy,A mysterious stranger changes everything.
Secret Alliance 785,Sci-Fi,A battle between powerful kingdoms begins.
Solar Mission 786,Animation,A warrior fights to protect his homeland.
Cosmic Voyage 787,Adventure,A team travels through space on a risky mission.
Solar Mission 788,Comedy,A detective uncovers a dangerous conspiracy.
Ancient Prophecy 789,Thriller,A hero rises to save the world from destruction.
Last Survivor 790,Thriller,A city faces a growing threat from within.
Iron Guardian 791,Mystery,A city faces a growing threat from within.
Hidden Truth 792,Action,A warrior fights to protect his homeland.
Frozen Legacy 793,Animation,A secret organization controls world events.
Parallel Worlds 794,Comedy,A detective uncovers a dangerous conspiracy.
Steel Horizon 795,Thriller,A city faces a growing threat from within.
Neon City 796,Mystery,A love story tested by impossible circumstances.
Lost Kingdom 797,Comedy,A mysterious stranger changes everything.
Broken Empire 798,Family,A young hero discovers hidden powers.
Final Protocol 799,Adventure,A love story tested by impossible circumstances.
